Ｍ区分CD,"管理
区分２ＣＤ","商品
分類２CD",商品分類名,商品CD,商品名２,略称２
0000,0000,0001,尿石防止剤,00020000,Ｄカバー　Ｄ１Ｃ（ホワイト）,Ｄ１Ｃ
0000,0000,0001,尿石防止剤,00020001,Ｄカバー　Ｄ２Ｃ（アイボリー）,Ｄ２Ｃ
0000,0000,0001,尿石防止剤,00020002,Ｄカバー　Ｄ３Ｃ（ブルー）,Ｄ３Ｃ
0000,0000,0001,尿石防止剤,00020005,Ｄカバー　Ｄ４Ｃ（ピンク）,Ｄ４Ｃ
0000,0000,0001,尿石防止剤,00020003,Ｄカバー　Ｄ５Ｃ（ブラック）,Ｄ５Ｃ
0000,0000,0001,尿石防止剤,00020004,Ｄカバー　Ｄ６Ｃ（クリスタル）,Ｄ６Ｃ
0000,0000,0001,尿石防止剤,00020006,Ｄカバー　Ｄ７Ｃ（グリーン）,Ｄ７Ｃ
0000,0000,0001,尿石防止剤,00020020,Ｄベース　Ｄ１Ｂ（ホワイト）,Ｄ１Ｂ
0000,0000,0001,尿石防止剤,00020021,Ｄベース　Ｄ２Ｂ（アイボリー）,Ｄ２Ｂ
0000,0000,0001,尿石防止剤,00020022,Ｄベース　Ｄ３Ｂ（ブルー）,Ｄ３Ｂ
0000,0000,0001,尿石防止剤,00020023,Ｄベース　Ｄ４Ｂ（ピンク）,Ｄ４Ｂ
0000,0000,0001,尿石防止剤,00020024,Ｄベース　Ｄ５Ｂ（ブラック）,Ｄ５Ｂ
0000,0000,0001,尿石防止剤,00020025,Ｄベース　Ｄ６Ｂ（クリスタル）,Ｄ６Ｂ
0000,0000,0001,尿石防止剤,00020010,Ｄベース　Ｆ１Ｂ（ホワイト）,Ｆ１Ｂ
0000,0000,0001,尿石防止剤,00020011,Ｄベース　Ｆ１ＣＢ（クリスタル）,Ｆ１ＣＢ
0000,0000,0001,尿石防止剤,00020012,Ｄベース　Ｆ７Ｂ（スクール）,Ｆ７Ｂ
0000,0000,0001,尿石防止剤,00020026,Ｄベース　Ｕ１Ｂ（ホワイト）,Ｕ１Ｂ
0000,0000,0001,尿石防止剤,00020027,Ｄベース　Ｕ２Ｂ（アイボリー）,Ｕ２Ｂ
0000,0000,0001,尿石防止剤,00020028,Ｄベース　Ｕ３Ｂ（ブルー）,Ｕ３Ｂ
0000,0000,0001,尿石防止剤,00020031,Ｄベース　Ｕ４Ｂ（ピンク）,Ｕ４Ｂ
0000,0000,0001,尿石防止剤,00020029,Ｄベース　Ｕ５Ｂ（ブラック）,Ｕ５Ｂ
0000,0000,0001,尿石防止剤,00020030,Ｄベース　Ｕ６Ｂ（クリスタル）,Ｕ６Ｂ
0000,0000,0001,尿石防止剤,00020032,Ｄベース　Ｕ７Ｂ（グリーン）,Ｕ７Ｂ
0000,0000,0001,尿石防止剤,00020040,Ｄ薬剤　ＤＳ３,ＤＳ３
0000,0000,0001,尿石防止剤,00020041,Ｄ薬剤　ＤＳ５,ＤＳ５
0000,0000,0001,尿石防止剤,00020042,Ｄ薬剤　ＤＳ７,ＤＳ７
0000,0000,0001,尿石防止剤,00020063,ＥＤカバー　ＤＥＣ（グリーン）,ＤＥＣＧ
0000,0000,0001,尿石防止剤,00020064,ＥＤカバー　ＤＥＣ（スクール）,ＤＥＣＳ
0000,0000,0001,尿石防止剤,00020062,ＥＤカバー　ＤＥＣ（ブルー）,ＤＥＣＢ
0000,0000,0001,尿石防止剤,00020061,ＥＤカバー　ＤＥＣ（ホワイト）,ＤＥＣＷ
0000,0000,0001,尿石防止剤,00020093,ＥＤベース　ＤＥＦ（グリーン）,ＤＥＦＧ
0000,0000,0001,尿石防止剤,00020094,ＥＤベース　ＤＥＦ（スクール）,ＤＥＦＳ
0000,0000,0001,尿石防止剤,00020092,ＥＤベース　ＤＥＦ（ブルー）,ＤＥＦＢ
0000,0000,0001,尿石防止剤,00020091,ＥＤベース　ＤＥＦ（ホワイト）,ＤＥＦＷ
0000,0000,0001,尿石防止剤,00020083,ＥＤベース　ＤＥＳ（グリーン）,ＤＥＳＧ
0000,0000,0001,尿石防止剤,00020082,ＥＤベース　ＤＥＳ（ブルー）,ＤＥＳＢ
0000,0000,0001,尿石防止剤,00020081,ＥＤベース　ＤＥＳ（ホワイト）,ＤＥＳＷ
0000,0000,0001,尿石防止剤,00020073,ＥＤベース　ＤＥＵ（グリーン）,ＤＥＵＧ
0000,0000,0001,尿石防止剤,00020074,ＥＤベース　ＤＥＵ（スクール）,ＤＥＵＳ
0000,0000,0001,尿石防止剤,00020072,ＥＤベース　ＤＥＵ（ブルー）,ＤＥＵＢ
0000,0000,0001,尿石防止剤,00020071,ＥＤベース　ＤＥＵ（ホワイト）,ＤＥＵＷ
0000,0000,0001,尿石防止剤,00020123,ＥＳカバー　ＳＥＣ（グリーン）,ＳＥＣＧ
0000,0000,0001,尿石防止剤,00020122,ＥＳカバー　ＳＥＣ（ブルー）,ＳＥＣＢ
0000,0000,0001,尿石防止剤,00020121,ＥＳカバー　ＳＥＣ（ホワイト）,ＳＥＣＷ
0000,0000,0001,尿石防止剤,00020133,ＥＳベース　ＳＥⅠ（グリーン）,ＳＥⅠＧ
0000,0000,0001,尿石防止剤,00020132,ＥＳベース　ＳＥⅠ（ブルー）,ＳＥⅠＢ
0000,0000,0001,尿石防止剤,00020131,ＥＳベース　ＳＥⅠ（ホワイト）,ＳＥⅠＷ
0000,0000,0001,尿石防止剤,00020110,Ｓカバー　Ｓ１Ｃ（ホワイト）,Ｓ１Ｃ
0000,0000,0001,尿石防止剤,00020111,Ｓカバー　Ｓ２Ｃ（アイボリー）,Ｓ２Ｃ
0000,0000,0001,尿石防止剤,00020112,Ｓカバー　Ｓ３Ｃ（ブルー）,Ｓ３Ｃ
0000,0000,0001,尿石防止剤,00020114,Ｓカバー　Ｓ４Ｃ（ピンク）,Ｓ４Ｃ
0000,0000,0001,尿石防止剤,00020113,Ｓカバー　Ｓ６Ｃ（クリスタル）,Ｓ６Ｃ
0000,0000,0001,尿石防止剤,00020115,Ｓカバー　Ｓ７Ｃ（グリーン）,Ｓ７Ｃ
0000,0000,0001,尿石防止剤,00020140,Ｓベース　Ｓ１Ｂ（ホワイト）,Ｓ１Ｂ
0000,0000,0001,尿石防止剤,00020141,Ｓベース　Ｓ２Ｂ（アイボリー）,Ｓ２Ｂ
0000,0000,0001,尿石防止剤,00020145,Ｓベース　ＳⅡ１Ｂ（ホワイト）,ＳⅡ１Ｂ
0000,0000,0001,尿石防止剤,00020146,Ｓベース　ＳⅡ２Ｂ（アイボリー）,ＳⅡ２Ｂ
0000,0000,0001,尿石防止剤,00020147,Ｓベース　ＳⅡ３Ｂ（ブルー）,ＳⅡ３Ｂ
0000,0000,0001,尿石防止剤,00020148,Ｓベース　ＳⅡ４Ｂ（ピンク）,ＳⅡ４Ｂ
0000,0000,0001,尿石防止剤,00020149,Ｓベース　ＳⅡ６Ｂ（クリスタル）,ＳⅡ６Ｂ
0000,0000,0001,尿石防止剤,00020150,Ｓベース　ＳⅡ７Ｂ（グリーン）,ＳⅡ７Ｂ
0000,0000,0001,尿石防止剤,00020142,Ｓベース　Ｓ３Ｂ（ブルー）,Ｓ３Ｂ
0000,0000,0001,尿石防止剤,00020143,Ｓベース　Ｓ４Ｂ（ピンク）,Ｓ４Ｂ
0000,0000,0001,尿石防止剤,00020144,Ｓベース　Ｓ６Ｂ（クリスタル）,Ｓ６Ｂ
0000,0000,0001,尿石防止剤,00020151,Ｓベース　Ｓ７Ｂ（グリーン）,Ｓ７Ｂ
0000,0000,0001,尿石防止剤,00020160,Ｓ薬剤　ＳＳⅠ３,ＳＳⅠ３
0000,0000,0001,尿石防止剤,00020161,Ｓ薬剤　ＳＳⅠ５,ＳＳⅠ５
0000,0000,0001,尿石防止剤,00020162,Ｓ薬剤　ＳＳⅠ７,ＳＳⅠ７
0000,0000,0001,尿石防止剤,00020164,Ｓ薬剤　ＳＳⅡ３,ＳＳⅡ３
0000,0000,0001,尿石防止剤,00020165,Ｓ薬剤　ＳＳⅡ５,ＳＳⅡ５
0000,0000,0001,尿石防止剤,00020166,Ｓ薬剤　ＳＳⅡ７,ＳＳⅡ７
0000,0000,0001,尿石防止剤,00006101,エムワイザＡ,ＭＣＡ
0000,0000,0001,尿石防止剤,00006120,エムワイザＣＶ,ＣＶ
0000,0000,0001,尿石防止剤,00006100,エムワイザＰ,ＭＣＰ
0000,0000,0001,尿石防止剤,00005000,スクールソレイユ　ＳＳⅠ５－Ｓ,ＳＳⅠ５－Ｓ●
0000,0000,0001,尿石防止剤,00005500,スクールソレイユ　ＳＳⅡ５－Ｓ,ＳＳⅡ５－Ｓ
0000,0000,0001,尿石防止剤,00002001,スクールダリア　ＤＳＵ５－ＥＳ,ＤＳＵ５－ＥＳ
0000,0000,0001,尿石防止剤,00002000,スクールダリア　ＤＳＵ５－Ｓ,ＤＳＵ５－Ｓ
0000,0000,0001,尿石防止剤,00020101,ソレイユ小袋,Ｓ小袋
0000,0000,0001,尿石防止剤,00020100,ダリア小袋,Ｄ小袋
0000,0000,0001,尿石防止剤,00020102,ビニール手袋,ＧＲ－ＢＨ
0000,0000,0001,尿石防止剤,00003090,ピピソレイユ　ＳＳⅠ３－Ⅰ,ＳＳⅠ３－Ⅰ●
0000,0000,0001,尿石防止剤,00003030,ピピソレイユ　ＳＳⅠ３－Ｂ,ＳＳⅠ３－Ｂ
0000,0000,0001,尿石防止剤,00003130,ピピソレイユ　ＳＳⅠ３－Ｃ,ＳＳⅠ３－Ｃ
0000,0000,0001,尿石防止剤,00003002,ピピソレイユ　ＳＳⅠ３－ＥＢ,ＳＳⅠ３－ＥＢ
0000,0000,0001,尿石防止剤,00003003,ピピソレイユ　ＳＳⅠ３－ＥＧ,ＳＳⅠ３－ＥＧ
0000,0000,0001,尿石防止剤,00003001,ピピソレイユ　ＳＳⅠ３－ＥＷ,ＳＳⅠ３ＥＷ●
0000,0000,0001,尿石防止剤,00003060,ピピソレイユ　ＳＳⅠ３－Ｐ,ＳＳⅠ３－Ｐ
0000,0000,0001,尿石防止剤,00003000,ピピソレイユ　ＳＳⅠ３－Ｗ,ＳＳⅠ３－Ｗ●
0000,0000,0001,尿石防止剤,00003100,ピピソレイユ　ＳＳⅠ５－Ⅰ,ＳＳⅠ５－Ⅰ
0000,0000,0001,尿石防止剤,00003040,ピピソレイユ　ＳＳⅠ５－Ｂ,ＳＳⅠ５－Ｂ
0000,0000,0001,尿石防止剤,00003150,ピピソレイユ　ＳＳⅠ５－Ｃ,ＳＳⅠ５－Ｃ●
0000,0000,0001,尿石防止剤,00003012,ピピソレイユ　ＳＳⅠ５－ＥＢ,ＳＳⅠ５ＥＢ●
0000,0000,0001,尿石防止剤,00003013,ピピソレイユ　ＳＳⅠ５－ＥＧ,ＳＳⅠ５－ＥＧ
0000,0000,0001,尿石防止剤,00003011,ピピソレイユ　ＳＳⅠ５－ＥＷ,ＳＳⅠ５ＥＷ●
0000,0000,0001,尿石防止剤,00003070,ピピソレイユ　ＳＳⅠ５－Ｐ,ＳＳⅠ５－Ｐ
0000,0000,0001,尿石防止剤,00003010,ピピソレイユ　ＳＳⅠ５－Ｗ,ＳＳⅠ５－Ｗ●
0000,0000,0001,尿石防止剤,00003110,ピピソレイユ　ＳＳⅠ７－Ⅰ,ＳＳⅠ７－Ⅰ
0000,0000,0001,尿石防止剤,00003050,ピピソレイユ　ＳＳⅠ７－Ｂ,ＳＳⅠ７－Ｂ
0000,0000,0001,尿石防止剤,00003170,ピピソレイユ　ＳＳⅠ７－Ｃ,ＳＳⅠ７－Ｃ
0000,0000,0001,尿石防止剤,00003022,ピピソレイユ　ＳＳⅠ７－ＥＢ,ＳＳⅠ７－ＥＢ
0000,0000,0001,尿石防止剤,00003023,ピピソレイユ　ＳＳⅠ７－ＥＧ,ＳＳⅠ７－ＥＧ
0000,0000,0001,尿石防止剤,00003021,ピピソレイユ　ＳＳⅠ７－ＥＷ,ＳＳⅠ７－ＥＷ
0000,0000,0001,尿石防止剤,00003080,ピピソレイユ　ＳＳⅠ７－Ｐ,ＳＳⅠ７－Ｐ
0000,0000,0001,尿石防止剤,00003020,ピピソレイユ　ＳＳⅠ７－Ｗ,ＳＳⅠ７－Ｗ
0000,0000,0001,尿石防止剤,00004090,ピピソレイユ　ＳＳⅡ３－Ⅰ,ＳＳⅡ３－Ⅰ●
0000,0000,0001,尿石防止剤,00004030,ピピソレイユ　ＳＳⅡ３－Ｂ,ＳＳⅡ３－Ｂ
0000,0000,0001,尿石防止剤,00004130,ピピソレイユ　ＳＳⅡ３－Ｃ,ＳＳⅡ３－Ｃ●
0000,0000,0001,尿石防止剤,00004060,ピピソレイユ　ＳＳⅡ３－Ｐ,ＳＳⅡ３－Ｐ
0000,0000,0001,尿石防止剤,00004000,ピピソレイユ　ＳＳⅡ３－Ｗ,ＳＳⅡ３－Ｗ●
0000,0000,0001,尿石防止剤,00004100,ピピソレイユ　ＳＳⅡ５－Ⅰ,ＳＳⅡ５－Ⅰ
0000,0000,0001,尿石防止剤,00004040,ピピソレイユ　ＳＳⅡ５－Ｂ,ＳＳⅡ５－Ｂ
0000,0000,0001,尿石防止剤,00004150,ピピソレイユ　ＳＳⅡ５－Ｃ,ＳＳⅡ５－Ｃ
0000,0000,0001,尿石防止剤,00004070,ピピソレイユ　ＳＳⅡ５－Ｐ,ＳＳⅡ５－Ｐ
0000,0000,0001,尿石防止剤,00004010,ピピソレイユ　ＳＳⅡ５－Ｗ,ＳＳⅡ５－Ｗ●
0000,0000,0001,尿石防止剤,00004110,ピピソレイユ　ＳＳⅡ７－Ⅰ,ＳＳⅡ７－Ⅰ
0000,0000,0001,尿石防止剤,00004050,ピピソレイユ　ＳＳⅡ７－Ｂ,ＳＳⅡ７－Ｂ
0000,0000,0001,尿石防止剤,00004170,ピピソレイユ　ＳＳⅡ７－Ｃ,ＳＳⅡ７－Ｃ
0000,0000,0001,尿石防止剤,00004080,ピピソレイユ　ＳＳⅡ７－Ｐ,ＳＳⅡ７－Ｐ●
0000,0000,0001,尿石防止剤,00004020,ピピソレイユ　ＳＳⅡ７－Ｗ,ＳＳⅡ７－Ｗ●
0000,0000,0001,尿石防止剤,00000190,ピピダリア　ＤＳＳ３－Ⅰ,ＤＳＳ３－Ⅰ●
0000,0000,0001,尿石防止剤,00000130,ピピダリア　ＤＳＳ３－Ｂ,ＤＳＳ３－Ｂ
0000,0000,0001,尿石防止剤,00000220,ピピダリア　ＤＳＳ３－ＢＫ,ＤＳＳ３－ＢＫ
0000,0000,0001,尿石防止剤,00000260,ピピダリア　ＤＳＳ３－Ｃ,ＤＳＳ３－Ｃ
0000,0000,0001,尿石防止剤,00000102,ピピダリア　ＤＳＳ３－ＥＢ,ＤＳＳ３－ＥＢ
0000,0000,0001,尿石防止剤,00000103,ピピダリア　ＤＳＳ３－ＥＧ,ＤＳＳ３ＥＧ●
0000,0000,0001,尿石防止剤,00000101,ピピダリア　ＤＳＳ３－ＥＷ,ＤＳＳ３ＥＷ●
0000,0000,0001,尿石防止剤,00000160,ピピダリア　ＤＳＳ３－Ｐ,ＤＳＳ３－Ｐ
0000,0000,0001,尿石防止剤,00000100,ピピダリア　ＤＳＳ３－Ｗ,ＤＳＳ３－Ｗ●
0000,0000,0001,尿石防止剤,00000200,ピピダリア　ＤＳＳ５－Ⅰ,ＤＳＳ５－Ⅰ●
0000,0000,0001,尿石防止剤,00000140,ピピダリア　ＤＳＳ５－Ｂ,ＤＳＳ５－Ｂ
0000,0000,0001,尿石防止剤,00000230,ピピダリア　ＤＳＳ５－ＢＫ,ＤＳＳ５－ＢＫ
0000,0000,0001,尿石防止剤,00000280,ピピダリア　ＤＳＳ５－Ｃ,ＤＳＳ５－Ｃ
0000,0000,0001,尿石防止剤,00000112,ピピダリア　ＤＳＳ５－ＥＢ,ＤＳＳ５－ＥＢ
0000,0000,0001,尿石防止剤,00000113,ピピダリア　ＤＳＳ５－ＥＧ,ＤＳＳ５－ＥＧ
0000,0000,0001,尿石防止剤,00000111,ピピダリア　ＤＳＳ５－ＥＷ,ＤＳＳ５ＥＷ●
0000,0000,0001,尿石防止剤,00000170,ピピダリア　ＤＳＳ５－Ｐ,ＤＳＳ５－Ｐ
0000,0000,0001,尿石防止剤,00000110,ピピダリア　ＤＳＳ５－Ｗ,ＤＳＳ５－Ｗ●
0000,0000,0001,尿石防止剤,00000121,ピピダリア　ＤＳＳ７ーＥＷ,ＤＳＳ７ＥＷ●
0000,0000,0001,尿石防止剤,00000150,ピピダリア　ＤＳＳ７－Ｂ,ＤＳＳ７－Ｂ
0000,0000,0001,尿石防止剤,00000240,ピピダリア　ＤＳＳ７－ＢＫ,ＤＳＳ７－ＢＫ
0000,0000,0001,尿石防止剤,00000300,ピピダリア　ＤＳＳ７－Ｃ,ＤＳＳ７－Ｃ
0000,0000,0001,尿石防止剤,00000122,ピピダリア　ＤＳＳ７－ＥＢ,ＤＳＳ７－ＥＢ
0000,0000,0001,尿石防止剤,00000123,ピピダリア　ＤＳＳ７－ＥＧ,ＤＳＳ７－ＥＧ
0000,0000,0001,尿石防止剤,00000210,ピピダリア　ＤＳＳ７－Ｉ,ＤＳＳ７－Ⅰ
0000,0000,0001,尿石防止剤,00000180,ピピダリア　ＤＳＳ７－Ｐ,ＤＳＳ７－Ｐ
0000,0000,0001,尿石防止剤,00000120,ピピダリア　ＤＳＳ７－Ｗ,ＤＳＳ７－Ｗ●
0000,0000,0001,尿石防止剤,00001090,ピピダリア　ＤＳＵ３－Ⅰ,ＤＳＵ３－Ⅰ
0000,0000,0001,尿石防止剤,00001030,ピピダリア　ＤＳＵ３－Ｂ,ＤＳＵ３－Ｂ●
0000,0000,0001,尿石防止剤,00001130,ピピダリア　ＤＳＵ３－Ｃ,ＤＳＵ３－Ｃ
0000,0000,0001,尿石防止剤,00001002,ピピダリア　ＤＳＵ３－ＥＢ,ＤＳＵ３－ＥＢ
0000,0000,0001,尿石防止剤,00001003,ピピダリア　ＤＳＵ３－ＥＧ,ＤＳＵ３ＥＧ●
0000,0000,0001,尿石防止剤,00001001,ピピダリア　ＤＳＵ３－ＥＷ,ＤＳＵ３ＥＷ●
0000,0000,0001,尿石防止剤,00001060,ピピダリア　ＤＳＵ３－Ｐ,ＤＳＵ３－Ｐ
0000,0000,0001,尿石防止剤,00001000,ピピダリア　ＤＳＵ３－Ｗ,ＤＳＵ３－Ｗ●
0000,0000,0001,尿石防止剤,00001100,ピピダリア　ＤＳＵ５－Ⅰ,ＤＳＵ５－Ⅰ
0000,0000,0001,尿石防止剤,00001040,ピピダリア　ＤＳＵ５－Ｂ,ＤＳＵ５－Ｂ●
0000,0000,0001,尿石防止剤,00001150,ピピダリア　ＤＳＵ５－Ｃ,ＤＳＵ５－Ｃ●
0000,0000,0001,尿石防止剤,00001012,ピピダリア　ＤＳＵ５－ＥＢ,ＤＳＵ５ＥＢ●
0000,0000,0001,尿石防止剤,00001013,ピピダリア　ＤＳＵ５－ＥＧ,ＤＳＵ５－ＥＧ
0000,0000,0001,尿石防止剤,00001011,ピピダリア　ＤＳＵ５－ＥＷ,ＤＳＵ５ＥＷ●
0000,0000,0001,尿石防止剤,00001070,ピピダリア　ＤＳＵ５－Ｐ,ＤＳＵ５－Ｐ
0000,0000,0001,尿石防止剤,00001010,ピピダリア　ＤＳＵ５－Ｗ,ＤＳＵ５－Ｗ●
0000,0000,0001,尿石防止剤,00001110,ピピダリア　ＤＳＵ７－Ⅰ,ＤＳＵ７－Ⅰ●
0000,0000,0001,尿石防止剤,00001050,ピピダリア　ＤＳＵ７－Ｂ,ＤＳＵ７－Ｂ
0000,0000,0001,尿石防止剤,00001170,ピピダリア　ＤＳＵ７－Ｃ,ＤＳＵ７－Ｃ●
0000,0000,0001,尿石防止剤,00001022,ピピダリア　ＤＳＵ７－ＥＢ,ＤＳＵ７－ＥＢ
0000,0000,0001,尿石防止剤,00001023,ピピダリア　ＤＳＵ７－ＥＧ,ＤＳＵ７－ＥＧ
0000,0000,0001,尿石防止剤,00001021,ピピダリア　ＤＳＵ７－ＥＷ,ＤＳＵ７－ＥＷ
0000,0000,0001,尿石防止剤,00001080,ピピダリア　ＤＳＵ７－Ｐ,ＤＳＵ７－Ｐ●
0000,0000,0001,尿石防止剤,00001020,ピピダリア　ＤＳＵ７－Ｗ,ＤＳＵ７－Ｗ
0000,0000,0001,尿石防止剤,00006130,フラワータンク,ＦＬ－T
0000,0000,0001,尿石防止剤,00020103,青ビニール袋,青ビニール袋
0000,0000,0010,尿石防止剤,00020051,Ｄ薬剤　ＤＦ３,ＤＦ３
0000,0000,0010,尿石防止剤,00020046,Ｄ薬剤　ＤＦ５,ＤＦ５
0000,0000,0010,尿石防止剤,00020047,Ｄ薬剤　ＤＦ７,ＤＦ７
0000,0000,0010,尿石防止剤,00020049,Ｄ薬剤　ＤＦ８,ＤＦ８
0000,0000,0010,尿石防止剤,00020043,Ｄ薬剤　ＤＶ３,ＤＶ３
0000,0000,0010,尿石防止剤,00020044,Ｄ薬剤　ＤＶ５,ＤＶ５
0000,0000,0010,尿石防止剤,00020045,Ｄ薬剤　ＤＶ７,ＤＶ７
0000,0000,0010,尿石防止剤,00020048,Ｄ薬剤　ＤＶ８,ＤＶ８
0000,0000,0010,尿石防止剤,00020050,Ｄ薬剤　ＤＶ９,ＤＶ９
0000,0000,0010,尿石防止剤,00020163,Ｓ薬剤　ＳＶⅠ５,ＳＶⅠ５
0000,0000,0010,尿石防止剤,00020167,Ｓ薬剤　ＳＶⅡ５,ＳＶⅡ５
0000,0000,0010,防石環境剤,00006000,Ｘ－Ｖ,Ｘ－Ｖ
0000,0000,0010,防石環境剤,00005011,スクールソレイユ　ＳＶⅠ５－ＥＳ,ＳＶⅠ５－ＥＳ
0000,0000,0010,防石環境剤,00005010,スクールソレイユ　ＳＶⅠ５－Ｓ,ＳＶⅠ５－Ｓ●
0000,0000,0010,防石環境剤,00005510,スクールソレイユ　ＳＶⅡ５－Ｓ,ＳＶⅡ５－Ｓ
0000,0000,0010,防石環境剤,00002031,スクールダリア　ＤＶＦ５－ＥＳ,ＤＶＦ５－ＥＳ
0000,0000,0010,防石環境剤,00002030,スクールダリア　ＤＶＦ５－Ｓ,ＤＶＦ５－Ｓ●
0000,0000,0010,防石環境剤,00002040,スクールダリア　ＤＶＦ７－Ｓ,ＤＶＦ７－Ｓ
0000,0000,0010,防石環境剤,00002011,スクールダリア　ＤＶＵ５－ＥＳ,ＤＶＵ５－ＥＳ
0000,0000,0010,防石環境剤,00002010,スクールダリア　ＤＶＵ５－Ｓ,ＤＶＵ５－Ｓ
0000,0000,0010,防石環境剤,00002021,スクールダリア　ＤＶＵ７－ＥＳ,ＤＶＵ７－ＥＳ
0000,0000,0010,防石環境剤,00002020,スクールダリア　ＤＶＵ７－Ｓ,ＤＶＵ７－Ｓ
0000,0000,0010,防石環境剤,00003540,ピピソレイユ　ＳＶⅠ５－Ｂ,ＳＶⅠ５－Ｂ
0000,0000,0010,防石環境剤,00003630,ピピソレイユ　ＳＶⅠ５－Ｃ,ＳＶⅠ５－Ｃ
0000,0000,0010,防石環境剤,00003512,ピピソレイユ　ＳＶⅠ５－ＥＢ,ＳＶⅠ５－ＥＢ
0000,0000,0010,防石環境剤,00003513,ピピソレイユ　ＳＶⅠ５－ＥＧ,ＳＶⅠ５－ＥＧ
0000,0000,0010,防石環境剤,00003511,ピピソレイユ　ＳＶⅠ５－ＥＷ,ＳＶⅠ５－ＥＷ
0000,0000,0010,防石環境剤,00003600,ピピソレイユ　ＳＶⅠ５－Ｉ,ＳＶⅠ５－Ｉ●
0000,0000,0010,防石環境剤,00003570,ピピソレイユ　ＳＶⅠ５－Ｐ,ＳＶⅠ５－Ｐ
0000,0000,0010,防石環境剤,00003510,ピピソレイユ　ＳＶⅠ５－Ｗ,ＳＶⅠ５－Ｗ
0000,0000,0010,防石環境剤,00004590,ピピソレイユ　ＳＶⅡ３－Ⅰ,ＳＶⅡ３－Ⅰ
0000,0000,0010,防石環境剤,00004530,ピピソレイユ　ＳＶⅡ３－Ｂ,ＳＶⅡ３－Ｂ
0000,0000,0010,防石環境剤,00004560,ピピソレイユ　ＳＶⅡ３－Ｐ,ＳＶⅡ３－Ｐ
0000,0000,0010,防石環境剤,00004500,ピピソレイユ　ＳＶⅡ３－Ｗ,ＳＶⅡ３－Ｗ
0000,0000,0010,防石環境剤,00004600,ピピソレイユ　ＳＶⅡ５－Ⅰ,ＳＶⅡ５－Ⅰ●
0000,0000,0010,防石環境剤,00004540,ピピソレイユ　ＳＶⅡ５－Ｂ,ＳＶⅡ５－Ｂ
0000,0000,0010,防石環境剤,00004620,ピピソレイユ　ＳＶⅡ５－Ｃ,ＳＶⅡ５－Ｃ
0000,0000,0010,防石環境剤,00004570,ピピソレイユ　ＳＶⅡ５－Ｐ,ＳＶⅡ５－Ｐ
0000,0000,0010,防石環境剤,00004510,ピピソレイユ　ＳＶⅡ５－Ｗ,ＳＶⅡ５－Ｗ
0000,0000,0010,防石環境剤,00004610,ピピソレイユ　ＳＶⅡ７－Ⅰ,ＳＶⅡ７－Ⅰ
0000,0000,0010,防石環境剤,00004550,ピピソレイユ　ＳＶⅡ７－Ｂ,ＳＶⅡ７－Ｂ
0000,0000,0010,防石環境剤,00004580,ピピソレイユ　ＳＶⅡ７－Ｐ,ＳＶⅡ７－Ｐ
0000,0000,0010,防石環境剤,00004520,ピピソレイユ　ＳＶⅡ７－Ｗ,ＳＶⅡ７－Ｗ
0000,0000,0010,防石環境剤,00000790,ピピダリア　ＤＶＦ３－Ⅰ,ＤＶＦ３－Ⅰ
0000,0000,0010,防石環境剤,00000730,ピピダリア　ＤＶＦ３－Ｂ,ＤＶＦ３－Ｂ
0000,0000,0010,防石環境剤,00000820,ピピダリア　ＤＶＦ３－Ｃ,ＤＶＦ３－Ｃ
0000,0000,0010,防石環境剤,00000702,ピピダリア　ＤＶＦ３－ＥＢ,ＤＶＦ３－ＥＢ
0000,0000,0010,防石環境剤,00000703,ピピダリア　ＤＶＦ３－ＥＧ,ＤＶＦ３ＥＧ●
0000,0000,0010,防石環境剤,00000701,ピピダリア　ＤＶＦ３－ＥＷ,ＤＶＦ３ＥＷ●
0000,0000,0010,防石環境剤,00000760,ピピダリア　ＤＶＦ３－Ｐ,ＤＶＦ３－Ｐ
0000,0000,0010,防石環境剤,00000700,ピピダリア　ＤＶＦ３－Ｗ,ＤＶＦ３－Ｗ
0000,0000,0010,防石環境剤,00000800,ピピダリア　ＤＶＦ５－Ⅰ,ＤＶＦ５－Ⅰ
0000,0000,0010,防石環境剤,00000740,ピピダリア　ＤＶＦ５－Ｂ,ＤＶＦ５－Ｂ
0000,0000,0010,防石環境剤,00000714,ピピダリア　ＤＶＦ５－Ｃ,ＤＶＦ５－Ｃ
0000,0000,0010,防石環境剤,00000712,ピピダリア　ＤＶＦ５－ＥＢ,ＤＶＦ５－ＥＢ
0000,0000,0010,防石環境剤,00000713,ピピダリア　ＤＶＦ５－ＥＧ,ＤＶＦ５－ＥＧ
0000,0000,0010,防石環境剤,00000711,ピピダリア　ＤＶＦ５－ＥＷ,ＤＶＦ５－ＥＷ
0000,0000,0010,防石環境剤,00000716,ピピダリア　ＤＶＦ５－ＥＷＨ,ＤＶＦ５－ＥＷ
0000,0000,0010,防石環境剤,00000770,ピピダリア　ＤＶＦ５－Ｐ,ＤＶＦ５－Ｐ
0000,0000,0010,防石環境剤,00000710,ピピダリア　ＤＶＦ５－Ｗ,ＤＶＦ５－Ｗ
0000,0000,0010,防石環境剤,00000810,ピピダリア　ＤＶＦ７－Ⅰ,ＤＶＦ７－Ⅰ●
0000,0000,0010,防石環境剤,00000750,ピピダリア　ＤＶＦ７－Ｂ,ＤＶＦ７－Ｂ
0000,0000,0010,防石環境剤,00000724,ピピダリア　ＤＶＦ７－Ｃ,ＤＶＦ７－Ｃ
0000,0000,0010,防石環境剤,00000722,ピピダリア　ＤＶＦ７－ＥＢ,ＤＶＦ７－ＥＢ
0000,0000,0010,防石環境剤,00000723,ピピダリア　ＤＶＦ７－ＥＧ,ＤＶＦ７－ＥＧ
0000,0000,0010,防石環境剤,00000721,ピピダリア　ＤＶＦ７－ＥＷ,ＤＶＦ７－ＥＷ
0000,0000,0010,防石環境剤,00000726,ピピダリア　ＤＶＦ７－ＥＷＨ,ＤＶＦ７－ＥＷ
0000,0000,0010,防石環境剤,00000780,ピピダリア　ＤＶＦ７－Ｐ,ＤＶＦ７－Ｐ
0000,0000,0010,防石環境剤,00000720,ピピダリア　ＤＶＦ７－Ｗ,ＤＶＦ７－Ｗ
0000,0000,0010,防石環境剤,00000850,ピピダリア　ＤＶＦ８－Ｃ,ＤＶＦ８－Ｃ
0000,0000,0010,防石環境剤,00000862,ピピダリア　ＤＶＦ８－ＥＢ,ＤＶＦ８－ＥＢ
0000,0000,0010,防石環境剤,00000863,ピピダリア　ＤＶＦ８－ＥＧ,ＤＶＦ８－ＥＧ
0000,0000,0010,防石環境剤,00000861,ピピダリア　ＤＶＦ８－ＥＷ,ＤＶＦ８－ＥＷ
0000,0000,0010,防石環境剤,00000860,ピピダリア　ＤＶＦ８－Ｗ,ＤＶＦ８－Ｗ
0000,0000,0010,防石環境剤,00000870,ピピダリア　ＤＶＦ９－Ｃ,ＤＶＦ９－Ｃ
0000,0000,0010,防石環境剤,00000882,ピピダリア　ＤＶＦ９－ＥＢ,ＤＶＦ９－ＥＢ
0000,0000,0010,防石環境剤,00000883,ピピダリア　ＤＶＦ９－ＥＧ,ＤＶＦ９－ＥＧ
0000,0000,0010,防石環境剤,00000881,ピピダリア　ＤＶＦ９-ＥＷ,ＤＶＦ９－ＥＷ
0000,0000,0010,防石環境剤,00000880,ピピダリア　ＤＶＦ９－Ｗ,ＤＶＦ９－Ｗ
0000,0000,0010,防石環境剤,00000590,ピピダリア　ＤＶＳ３－Ⅰ,ＤＶＳ３－Ⅰ
0000,0000,0010,防石環境剤,00000530,ピピダリア　ＤＶＳ３－Ｂ,ＤＶＳ３－Ｂ
0000,0000,0010,防石環境剤,00000620,ピピダリア　ＤＶＳ３－ＢＫ,ＤＶＳ３－ＢＫ
0000,0000,0010,防石環境剤,00000650,ピピダリア　ＤＶＳ３－Ｃ,ＤＶＳ３－Ｃ●
0000,0000,0010,防石環境剤,00000502,ピピダリア　ＤＶＳ３－ＥＢ,ＤＶＳ３－ＥＢ
0000,0000,0010,防石環境剤,00000503,ピピダリア　ＤＶＳ３－ＥＧ,ＤＶＳ３－ＥＧ
0000,0000,0010,防石環境剤,00000501,ピピダリア　ＤＶＳ３-ＥＷ,ＤＶＳ３－ＥＷ
0000,0000,0010,防石環境剤,00000560,ピピダリア　ＤＶＳ３－Ｐ,ＤＶＳ３－Ｐ
0000,0000,0010,防石環境剤,00000500,ピピダリア　ＤＶＳ３－Ｗ,ＤＶＳ３－Ｗ
0000,0000,0010,防石環境剤,00000600,ピピダリア　ＤＶＳ５－Ⅰ,ＤＶＳ５－Ⅰ●
0000,0000,0010,防石環境剤,00000540,ピピダリア　ＤＶＳ５－Ｂ,ＤＶＳ５－Ｂ
0000,0000,0010,防石環境剤,00000630,ピピダリア　ＤＶＳ５－ＢＫ,ＤＶＳ５－ＢＫ
0000,0000,0010,防石環境剤,00000660,ピピダリア　ＤＶＳ５－Ｃ,ＤＶＳ５－Ｃ●
0000,0000,0010,防石環境剤,00000512,ピピダリア　ＤＶＳ５－ＥＢ,ＤＶＳ５ＥＢ●
0000,0000,0010,防石環境剤,00000513,ピピダリア　ＤＶＳ５－ＥＧ,ＤＶＳ５－ＥＧ
0000,0000,0010,防石環境剤,00000511,ピピダリア　ＤＶＳ５－ＥＷ,ＤＶＳ５ＥＷ●
0000,0000,0010,防石環境剤,00000570,ピピダリア　ＤＶＳ５－Ｐ,ＤＶＳ５－Ｐ
0000,0000,0010,防石環境剤,00000510,ピピダリア　ＤＶＳ５－Ｗ,ＤＶＳ５－Ｗ●
0000,0000,0010,防石環境剤,00000610,ピピダリア　ＤＶＳ７－Ⅰ,ＤＶＳ７－Ⅰ
0000,0000,0010,防石環境剤,00000550,ピピダリア　ＤＶＳ７－Ｂ,ＤＶＳ７－Ｂ
0000,0000,0010,防石環境剤,00000640,ピピダリア　ＤＶＳ７－ＢＫ,ＤＶＳ７－ＢＫ
0000,0000,0010,防石環境剤,00000670,ピピダリア　ＤＶＳ７－Ｃ,ＤＶＳ７－Ｃ●
0000,0000,0010,防石環境剤,00000522,ピピダリア　ＤＶＳ７－ＥＢ,ＤＶＳ７－ＥＢ
0000,0000,0010,防石環境剤,00000523,ピピダリア　ＤＶＳ７－ＥＧ,ＤＶＳ７ＥＧ●
0000,0000,0010,防石環境剤,00000521,ピピダリア　ＤＶＳ７－ＥＷ,ＤＶＳ７ＥＷ●
0000,0000,0010,防石環境剤,00000580,ピピダリア　ＤＶＳ７－Ｐ,ＤＶＳ７－Ｐ
0000,0000,0010,防石環境剤,00000520,ピピダリア　ＤＶＳ７－Ｗ,ＤＶＳ７－Ｗ●
0000,0000,0010,防石環境剤,00000682,ピピダリア　ＤＶＳ８－ＥＢ,ＤＶＳ８－ＥＢ
0000,0000,0010,防石環境剤,00000683,ピピダリア　ＤＶＳ８－ＥＧ,ＤＶＳ８－ＥＧ
0000,0000,0010,防石環境剤,00000681,ピピダリア　ＤＶＳ８－ＥＷ,ＤＶＳ８－ＥＷ
0000,0000,0010,防石環境剤,00000680,ピピダリア　ＤＶＳ８－Ｗ,ＤＶＳ８－Ｗ
0000,0000,0010,防石環境剤,00000692,ピピダリア　ＤＶＳ９－ＥＢ,ＤＶＳ９－ＥＢ
0000,0000,0010,防石環境剤,00000693,ピピダリア　ＤＶＳ９－ＥＧ,ＤＶＳ９－ＥＧ
0000,0000,0010,防石環境剤,00000691,ピピダリア　ＤＶＳ９－ＥＷ,ＤＶＳ９－ＥＷ
0000,0000,0010,防石環境剤,00000690,ピピダリア　ＤＶＳ９－Ｗ,ＤＶＳ９－Ｗ
0000,0000,0010,防石環境剤,00001590,ピピダリア　ＤＶＵ３－Ⅰ,ＤＶＵ３－Ⅰ
0000,0000,0010,防石環境剤,00001530,ピピダリア　ＤＶＵ３－Ｂ,ＤＶＵ３－Ｂ
0000,0000,0010,防石環境剤,00001620,ピピダリア　ＤＶＵ３－Ｃ,ＤＶＵ３－Ｃ●
0000,0000,0010,防石環境剤,00001502,ピピダリア　ＤＶＵ３－ＥＢ,ＤＶＵ３－ＥＢ
0000,0000,0010,防石環境剤,00001503,ピピダリア　ＤＶＵ３－ＥＧ,ＤＶＵ３－ＥＧ
0000,0000,0010,防石環境剤,00001501,ピピダリア　ＤＶＵ３－ＥＷ,ＤＶＵ３－ＥＷ
0000,0000,0010,防石環境剤,00001560,ピピダリア　ＤＶＵ３－Ｐ,ＤＶＵ３－Ｐ
0000,0000,0010,防石環境剤,00001500,ピピダリア　ＤＶＵ３－Ｗ,ＤＶＵ３－Ｗ
0000,0000,0010,防石環境剤,00001600,ピピダリア　ＤＶＵ５－Ⅰ,ＤＶＵ５－Ⅰ●
0000,0000,0010,防石環境剤,00001540,ピピダリア　ＤＶＵ５－Ｂ,ＤＶＵ５－Ｂ
0000,0000,0010,防石環境剤,00001514,ピピダリア　ＤＶＵ５－Ｃ,ＤＶＵ５－Ｃ
0000,0000,0010,防石環境剤,00001512,ピピダリア　ＤＶＵ５－ＥＢ,ＤＶＵ５－ＥＢ
0000,0000,0010,防石環境剤,00001513,ピピダリア　ＤＶＵ５－ＥＧ,ＤＶＵ５－ＥＧ
0000,0000,0010,防石環境剤,00001511,ピピダリア　ＤＶＵ５－ＥＷ,ＤＶＵ５－ＥＷ
0000,0000,0010,防石環境剤,00001516,ピピダリア　ＤＶＵ５－ＥＷＨ,ＤＶＵ５－ＥＷ
0000,0000,0010,防石環境剤,00001570,ピピダリア　ＤＶＵ５－Ｐ,ＤＶＵ５－Ｐ
0000,0000,0010,防石環境剤,00001510,ピピダリア　ＤＶＵ５－Ｗ,ＤＶＵ５－Ｗ
0000,0000,0010,防石環境剤,00001610,ピピダリア　ＤＶＵ７－Ⅰ,ＤＶＵ７－Ⅰ●
0000,0000,0010,防石環境剤,00001550,ピピダリア　ＤＶＵ７－Ｂ,ＤＶＵ７－Ｂ
0000,0000,0010,防石環境剤,00001524,ピピダリア　ＤＶＵ７－Ｃ,ＤＶＵ７－Ｃ
0000,0000,0010,防石環境剤,00001522,ピピダリア　ＤＶＵ７－ＥＢ,ＤＶＵ７－ＥＢ
0000,0000,0010,防石環境剤,00001523,ピピダリア　ＤＶＵ７－ＥＧ,ＤＶＵ７－ＥＧ
0000,0000,0010,防石環境剤,00001521,ピピダリア　ＤＶＵ７－ＥＷ,ＤＶＵ７－ＥＷ
0000,0000,0010,防石環境剤,00001526,ピピダリア　ＤＶＵ７－ＥＷＨ,ＤＶＵ７－ＥＷ
0000,0000,0010,防石環境剤,00001580,ピピダリア　ＤＶＵ７－Ｐ,ＤＶＵ７－Ｐ●
0000,0000,0010,防石環境剤,00001520,ピピダリア　ＤＶＵ７－Ｗ,ＤＶＵ７－Ｗ
0000,0000,0010,防石環境剤,00001670,ピピダリア　ＤＶＵ８－Ⅰ,ＤＶＵ８－Ⅰ
0000,0000,0010,防石環境剤,00001660,ピピダリア　ＤＶＵ８－Ｃ,ＤＶＵ８－Ｃ
0000,0000,0010,防石環境剤,00001652,ピピダリア　ＤＶＵ８－ＥＢ,ＤＶＵ８－ＥＢ
0000,0000,0010,防石環境剤,00001653,ピピダリア　ＤＶＵ８－ＥＧ,ＤＶＵ８－ＥＧ
0000,0000,0010,防石環境剤,00001651,ピピダリア　ＤＶＵ８－ＥＷ,ＤＶＵ８－ＥＷ
0000,0000,0010,防石環境剤,00001650,ピピダリア　ＤＶＵ８－Ｗ,ＤＶＵ８－Ｗ
0000,0000,0015,封水陶器皿,00008450,キャッチ用トラップカバー,ＴＣ－０１Ｗ
0000,0000,0015,封水陶器皿,00006625,ピピキャッチＴ１　エクセルグリーン,ＣＴ１－ＥＧ●
0000,0000,0015,封水陶器皿,00006501,ピピトップＴ　アイボリー,ＴＴ－ＩＶ　●
0000,0000,0015,封水陶器皿,00006510,ピピトップＴ　テントウ虫,ＴＴ－ＴＭ　●
0000,0000,0015,封水陶器皿,00006508,ピピトップＴ　ハーベストグリーン,ＴＴ－ＨＧＲ●
0000,0000,0015,封水陶器皿,00006506,ピピトップＴ　ハーベストブラウン,ＴＴ－ＨＢＲ●
0000,0000,0015,封水陶器皿,00006509,ピピトップＴ　ハーベストブルー,ＴＴ－ＨＢＬ
0000,0000,0015,封水陶器皿,00006507,ピピトップＴ　ハーベストベージュ,ＴＴ－ＨＶ　●
0000,0000,0015,封水陶器皿,00006503,ピピトップＴ　パステルアイボリー,ＴＴ－ＰＩ
0000,0000,0015,封水陶器皿,00006504,ピピトップＴ　パステルイエロー,ＴＴ－ＰＳＹ●
0000,0000,0015,封水陶器皿,00006502,ピピトップＴ　パステルピンク,ＴＴ－ＰＳＰ●
0000,0000,0015,封水陶器皿,00006505,ピピトップＴ　パステルブルー,ＴＴ－ＰＢＬ
0000,0000,0015,封水陶器皿,00006500,ピピトップＴ　ホワイト,ＴＴ－Ｗ　　●
0000,0000,0015,封水陶器皿,00006511,ピピトップＴ　魚,ＴＴ－ＦＩ　●
0000,0000,0015,封水陶器皿,00006512,ピピトップＴ　小便小僧,ＴＴ－ＳＣ
0000,0000,0015,封水陶器皿,00006513,ピピトップＸ　イナスブルー,ＴＸ－ＩＢＬ
0000,0000,0015,封水陶器皿,00006515,ピピトップＸ　ミスティアイボリー,ＴＸ－ＭＩ
0000,0000,0015,封水陶器皿,00006516,ピピトップＸ　ミスティピンク,ＴＸ－ＭＰ　●
0000,0000,0015,封水陶器皿,00006514,ピピトップＸ　ミスティホワイト,ＴＸ－ＭＷ　●
0000,0000,0020,封水樹脂皿,00091009,ＲｔｏＲ　キャッチ,ＣＴＲ
0000,0000,0020,封水樹脂皿,00006612,ピピキャッチＴ１　アースグレー,ＣＴ１ＥＧＬ●
0000,0000,0020,封水樹脂皿,00006615,ピピキャッチＴ１　アースブラック,ＣＴ１ＥＢＫ●
0000,0000,0020,封水樹脂皿,00006613,ピピキャッチＴ１　アースブルー,ＣＴ１－ＥＢ●
0000,0000,0020,封水樹脂皿,00006602,ピピキャッチＴ１　アイボリー,ＣＴ１－ＩＶ
0000,0000,0020,封水樹脂皿,00006621,ピピキャッチＴ１　キャメル,ＣＴ１－ＣＡ●
0000,0000,0020,封水樹脂皿,00006623,ピピキャッチＴ１　ソフトブルー,ＣＴ１－ＳＢ●
0000,0000,0020,封水樹脂皿,00006617,ピピキャッチＴ１　ディープレッド,ＣＴ１－ＤＲ●
0000,0000,0020,封水樹脂皿,00006609,ピピキャッチＴ１　ハーベストグリーン,ＣＴ１－ＨＧＮ
0000,0000,0020,封水樹脂皿,00006611,ピピキャッチＴ１　ハーベストグレー,ＣＴ１ＨＧＬ●
0000,0000,0020,封水樹脂皿,00006607,ピピキャッチＴ１　ハーベストブラウン,ＣＴ１－ＨＢＲ
0000,0000,0020,封水樹脂皿,00006610,ピピキャッチＴ１　ハーベストブルー,ＣＴ１－ＨＢＬ
0000,0000,0020,封水樹脂皿,00006608,ピピキャッチＴ１　ハーベストベージュ,ＣＴ１－ＨＢＥ
0000,0000,0020,封水樹脂皿,00006604,ピピキャッチＴ１　パステルアイボリー,ＣＴ１－ＰＩ
0000,0000,0020,封水樹脂皿,00006605,ピピキャッチＴ１　パステルイエロー,ＣＴ１－ＰＹ
0000,0000,0020,封水樹脂皿,00006603,ピピキャッチＴ１　パステルピンク,ＣＴ１－ＰＰＫ
0000,0000,0020,封水樹脂皿,00006606,ピピキャッチＴ１　パステルブルー,ＣＴ１－ＰＢＬ
0000,0000,0020,封水樹脂皿,00006614,ピピキャッチＴ１　ファンシーバイオレット,ＣＴ１ＦＶＩ●
0000,0000,0020,封水樹脂皿,00006618,ピピキャッチＴ１　ファンシーブルー,ＣＴ１－ＦＢ●
0000,0000,0020,封水樹脂皿,00006624,ピピキャッチＴ１　ペールホワイト,ＣＴ１ＰＬＷ●
0000,0000,0020,封水樹脂皿,00006600,ピピキャッチＴ１　ホワイト,ＣＴ１－Ｗ
0000,0000,0020,封水樹脂皿,00006601,ピピキャッチＴ１　ホワイトグレー,ＣＴ１－ＷＧ
0000,0000,0020,封水樹脂皿,00007011,ピピキャッチＴ２　アースイエロー,ＣＴ２－ＥＹ●
0000,0000,0020,封水樹脂皿,00007014,ピピキャッチＴ２　アースグレー,ＣＴ２ＥＧＬ●
0000,0000,0020,封水樹脂皿,00007018,ピピキャッチＴ２　アースブラウン,ＣＴ２ＥＢＲ●
0000,0000,0020,封水樹脂皿,00007022,ピピキャッチＴ２　アースブラック,ＣＴ２－ＥＢＫ
0000,0000,0020,封水樹脂皿,00007017,ピピキャッチＴ２　アースブルー,ＣＴ２－ＥＢＬ
0000,0000,0020,封水樹脂皿,00007002,ピピキャッチＴ２　アイボリー,ＣＴ２－ＩＶ●
0000,0000,0020,封水樹脂皿,00007021,ピピキャッチＴ２　キャメル,ＣＴ２－ＣＡ●
0000,0000,0020,封水樹脂皿,00007016,ピピキャッチＴ２　ディープブルー,ＣＴ２－ＤＢＬ
0000,0000,0020,封水樹脂皿,00007015,ピピキャッチＴ２　ディープレッド,ＣＴ２－ＤＲ
0000,0000,0020,封水樹脂皿,00007009,ピピキャッチＴ２　ハーベストグリーン,ＣＴ２－ＨＧＮ
0000,0000,0020,封水樹脂皿,00007013,ピピキャッチＴ２　ハーベストグレー,ＣＴ２ＨＧＬ●
0000,0000,0020,封水樹脂皿,00007007,ピピキャッチＴ２　ハーベストブラウン,ＣＴ２－ＨＢＲ
0000,0000,0020,封水樹脂皿,00007010,ピピキャッチＴ２　ハーベストブルー,ＣＴ２－ＨＢＬ
0000,0000,0020,封水樹脂皿,00007008,ピピキャッチＴ２　ハーベストベージュ,ＣＴ２－ＨＢＥ
0000,0000,0020,封水樹脂皿,00007004,ピピキャッチＴ２　パステルアイボリー,ＣＴ２－ＰＩ
0000,0000,0020,封水樹脂皿,00007005,ピピキャッチＴ２　パステルイエロー,ＣＴ２－ＰＹ
0000,0000,0020,封水樹脂皿,00007003,ピピキャッチＴ２　パステルピンク,ＣＴ２－ＰＰＫ
0000,0000,0020,封水樹脂皿,00007006,ピピキャッチＴ２　パステルブルー,ＣＴ２－ＰＢＬ
0000,0000,0020,封水樹脂皿,00007020,ピピキャッチＴ２　ファンシーグリーン,ＣＴ２－ＦＧＮ
0000,0000,0020,封水樹脂皿,00007012,ピピキャッチＴ２　ファンシーバイオレット,ＣＴ２ＦＶＩ●
0000,0000,0020,封水樹脂皿,00007019,ピピキャッチＴ２　ファンシーブルー,ＣＴ２－ＦＢ●
0000,0000,0020,封水樹脂皿,00007023,ピピキャッチＴ２　ペールホワイト,ＣＴ２－ＰＷ
0000,0000,0020,封水樹脂皿,00007000,ピピキャッチＴ２　ホワイト,ＣＴ２－Ｗ
0000,0000,0020,封水樹脂皿,00007001,ピピキャッチＴ２　ホワイトグレー,ＣＴ２－ＷＧ
0000,0000,0020,封水樹脂皿,00007024,ピピキャッチＴ２　ワインレッド,ＣＴ２－ＷＲ
0000,0000,0020,封水樹脂皿,00007512,ピピキャッチＴ３　キャメル,ＣＴ３－ＣＡ
0000,0000,0020,封水樹脂皿,00007513,ピピキャッチＴ３　ソフトブルー,ＣＴ３－ＳＢＬ
0000,0000,0020,封水樹脂皿,00007505,ピピキャッチＴ３　ハーベストグリーン,ＣＴ３－ＨＧＮ
0000,0000,0020,封水樹脂皿,00007507,ピピキャッチＴ３　ハーベストグレー,ＣＴ３－ＨＧ
0000,0000,0020,封水樹脂皿,00007503,ピピキャッチＴ３　ハーベストブラウン,ＣＴ３－ＨＢＲ
0000,0000,0020,封水樹脂皿,00007506,ピピキャッチＴ３　ハーベストブルー,ＣＴ３－ＨＢＬ
0000,0000,0020,封水樹脂皿,00007504,ピピキャッチＴ３　ハーベストベージュ,ＣＴ３－ＨＢＥ
0000,0000,0020,封水樹脂皿,00007502,ピピキャッチＴ３　パステルアイボリー,ＣＴ３－ＰＩ
0000,0000,0020,封水樹脂皿,00007511,ピピキャッチＴ３　パステルイエロー,ＣＴ３－ＰＹ
0000,0000,0020,封水樹脂皿,00007510,ピピキャッチＴ３　パステルピンク,ＣＴ３－ＰＰＫ
0000,0000,0020,封水樹脂皿,00007508,ピピキャッチＴ３　パステルブルー,ＣＴ３ＰＳＢ●
0000,0000,0020,封水樹脂皿,00007509,ピピキャッチＴ３　ペールホワイト,ＣＴ３－ＰＷ
0000,0000,0020,封水樹脂皿,00007500,ピピキャッチＴ３　ホワイト,ＣＴ３－Ｗ　●
0000,0000,0020,封水樹脂皿,00007501,ピピキャッチＴ３　ホワイトグレー,ＣＴ３－ＷＧ
0000,0000,0020,封水樹脂皿,00008001,ピピキャッチＸ１　アイボリー,ＯＣＸ１－ＩＶ
0000,0000,0020,封水樹脂皿,00008019,ピピキャッチＸ１　イナスグリーン,ＯＣＸ１－ＩＧＮ
0000,0000,0020,封水樹脂皿,00008003,ピピキャッチＸ１　イナスブルー,ＣＸ１－ＩＢ●
0000,0000,0020,封水樹脂皿,00008007,ピピキャッチＸ１　オフホワイト,ＯＣＸ１－ＯＷ
0000,0000,0020,封水樹脂皿,00008015,ピピキャッチＸ１　キャメル,ＣＸ１－ＣＡ●
0000,0000,0020,封水樹脂皿,00008013,ピピキャッチＸ１　サンドベージュ,ＣＸ１－ＳＶ●
0000,0000,0020,封水樹脂皿,00008002,ピピキャッチＸ１　ピンク,ＣＸ１－ＰＫ●
0000,0000,0020,封水樹脂皿,00008014,ピピキャッチＸ１　フォググリーン,ＣＸ１－ＦＧ●
0000,0000,0020,封水樹脂皿,00008010,ピピキャッチＸ１　フォグブルー,ＣＸⅠ－ＦＢ●
0000,0000,0020,封水樹脂皿,00008006,ピピキャッチＸ１　ブラック,ＣＸ１－ＢＫ●
0000,0000,0020,封水樹脂皿,00008009,ピピキャッチＸ１　ブルーグレー,ＣＸ１ＢＧＬ●
0000,0000,0020,封水樹脂皿,00008000,ピピキャッチＸ１　ホワイト,ＣＸ１－Ｗ　●
0000,0000,0020,封水樹脂皿,00008005,ピピキャッチＸ１　ミスティグレー,ＯＣＸ１－ＭＧ
0000,0000,0020,封水樹脂皿,00008004,ピピキャッチＸ１　ミスティブルー,ＣＸ１－ＭＢ●
0000,0000,0020,封水樹脂皿,00008017,ピピキャッチＸ１　ライトブルー,ＯＣＸ１－ＬＢＬ
0000,0000,0020,封水樹脂皿,00008018,ピピキャッチＸ１　リーリックイエロー,ＯＣＸ１－ＲＹ
0000,0000,0020,封水樹脂皿,00008008,ピピキャッチＸ１　リーリックグリーン,ＣＸ１－ＲＧ●
0000,0000,0020,封水樹脂皿,00008016,ピピキャッチＸ１　リーリックブルー,ＣＸ１－ＲＢ●
0000,0000,0020,封水樹脂皿,00008012,ピピキャッチＸ１　リーリックベージュ,ＣＸ１－ＲＶ●
0000,0000,0020,封水樹脂皿,00008011,ピピキャッチＸ１　ワインレッド,ＣＸ１－ＷＲ●
0000,0000,0021,封水軽金皿,00007710,ピピキャッチＴ４　グリーン系,ＣＴ４－ＧＮ
0000,0000,0021,封水軽金皿,00007703,ピピキャッチＴ４　ハーベストブラウン,ＣＴ４ＨＢＲ●
0000,0000,0021,封水軽金皿,00007709,ピピキャッチＴ４　ハーベストブルー,ＣＴ４－ＨＢＬ
0000,0000,0021,封水軽金皿,00007702,ピピキャッチＴ４　ハーベストベージュ,ＣＴ４－ＨＶ●
0000,0000,0021,封水軽金皿,00007701,ピピキャッチＴ４　パステルアイボリー系,ＣＴ４－ＰＩ
0000,0000,0021,封水軽金皿,00007708,ピピキャッチＴ４　パステルブルー,ＣＴ４ＰＳＢ●
0000,0000,0021,封水軽金皿,00007707,ピピキャッチＴ４　ピンク系,ＣＴ４－ＰＫＫ
0000,0000,0021,封水軽金皿,00007706,ピピキャッチＴ４　ブルー系,ＣＴ４－ＢＬ
0000,0000,0021,封水軽金皿,00007704,ピピキャッチＴ４　ペールホワイト,ＣＴ４－ＰＬＷ
0000,0000,0021,封水軽金皿,00007705,ピピキャッチＴ４　ホワイトグレー系,ＣＴ４－ＷＧ
0000,0000,0021,封水軽金皿,00007700,ピピキャッチＴ４　ホワイト系,ＣＴ４－Ｗ
0000,0000,0021,封水軽金皿,00008021,ピピキャッチＸ１　アイボリー系,ＣＸ１－ＩＶ
0000,0000,0021,封水軽金皿,00008023,ピピキャッチＸ１　キャメル,ＣＸ１－ＣＡ
0000,0000,0021,封水軽金皿,00008030,ピピキャッチＸ１　グリーン系,ＣＸ１－ＧＮ
0000,0000,0021,封水軽金皿,00008027,ピピキャッチＸ１　ピンク系,ＣＸ１－ＰＫ
0000,0000,0021,封水軽金皿,00008026,ピピキャッチＸ１　ブルー系,ＣＸ１－ＢＬ
0000,0000,0021,封水軽金皿,00008025,ピピキャッチＸ１　ホワイトグレー系,ＣＸ１－ＷＧ
0000,0000,0021,封水軽金皿,00008020,ピピキャッチＸ１　ホワイト系,ＣＸ１－Ｗ
0000,0000,0021,封水軽金皿,00008301,ピピキャッチＸ２　アイボリー系,ＣＸ２－ＩＶ
0000,0000,0021,封水軽金皿,00008303,ピピキャッチＸ２　オフホワイト,ＣＸ２－ＯＷ●
0000,0000,0021,封水軽金皿,00008302,ピピキャッチＸ２　ブルー系,ＣＸ２－ＢＬ
0000,0000,0021,封水軽金皿,00008304,ピピキャッチＸ２　ベージュ系,ＣＸ２－Ｖ　●
0000,0000,0021,封水軽金皿,00008305,ピピキャッチＸ２　ホワイトグレー系,ＣＸ２－ＷＧ
0000,0000,0021,封水軽金皿,00008300,ピピキャッチＸ２　ホワイト系,ＣＸ２－Ｗ
0000,0000,0400,自動石鹸,00091004,ＲｔｏＲ　ＴＳ１０００,ＴＳ１０００Ｒ
0000,0000,0400,自動石鹸,00009800,さぼんなＡ,ＳＤ－Ａ２
0000,0000,0400,さぼんなＡ用,00030503,さぼんなＡ用下ケース,ＳＢ下ケース
0000,0000,0400,さぼんなＡ用,00030501,さぼんなＡ用下ケース組立（基板セット）,ＳＢ下ケース
0000,0000,0400,さぼんなＡ用,00030502,さぼんなＡ用上ケース(容器付き）,ＳＢ上ケースＹＴ
0000,0000,0400,さぼんなＡ用,00030500,さぼんなＡ用上ケース組立（電磁弁セット）,ＳＢ上電磁弁
0000,0000,0400,さぼんなＡ用,00030504,さぼんなＡ用電磁弁,ＳＢ電磁弁
0000,0000,0401,自動石鹸,00009801,さぼんなＳ,ＳＤ－Ｓ２
0000,0000,0400,自動石鹸,00009802,さぼんな用容器,ＳＤ－ＡＹ
0000,0000,0410,手動石鹸,00009804,さぼんなＰ,ＳＤ－Ｐ５
0000,0000,0420,ハンドソープ,00009805,さぼんなＡ用ＨＳ　４００ｍｌ,ＨＳ－１０１
0000,0000,0420,手動石鹸,00009803,さぼんなＰ用ＨＳ　８００ｍｌ,ＳＤ－Ｐ８
0000,0000,0440,エアータオル,00100522,ＲｔｏＲ　エアータオル,エアータオル
0000,0000,0450,水垢研磨,00011746,砂岩粒子　ＤＯＲＯ　衛陶研磨用,ＤＯＲＯ
0000,0000,0450,尿石除去剤,00011703,トイレクリーンＡ　尿石除去用,ＰＣ－１０２
0000,0000,0450,強力尿石除去剤,00011702,トラッシュＡ　尿石除去用（劇物）,ＰＣ－１０１
0000,0000,0450,強力尿石除去剤,00011750,トラッシュＡ　尿石除去用（劇物）　１０Ｌ,ＰＣ－１１０
0000,0000,0450,排水管洗浄剤,00011704,パイプクール（劇物）,ＰＣ－１０５
0000,0000,0450,水垢研磨用,00011705,ピューミー　衛陶研磨用,ＰＣ－１１５
0000,0000,0450,中性洗剤,00011752,撥水　ナチュラルウォッシュα,ＰＣ－１０４Ａ
0000,0000,0900,_,00091017,ＲｔｏＲ　シートクリーナー,ＳＣＲ
0000,0000,0900,便座除菌クリーナー,00011002,シートクリーナーＪｒ本体,ＳＣ－０２Ｈ
0000,0000,0900,便座除菌クリーナー,00011003,シートクリーナーＪｒ薬液,ＳＣ－０２Ｃ
0000,0000,0900,シートクリーナー用,00011308,シートクリーナーＪｒ用　ワンタッチノズル,ＳＣ－０１ＮＺ
0000,0000,0900,シートクリーナー用,00011309,シートクリーナー用　使用法シール,ＳＣ－０１ＳＥ
0000,0000,0900,便座除菌クリーナー,00011000,シートクリーナー本体,ＳＣ－０１Ｈ
0000,0000,0900,便座除菌クリーナー,00011001,シートクリーナー薬液,ＳＣ－０１Ｃ
0000,0000,0900,シートクリーナー用,00011310,シートクリーナー用　ＰＵＳＨシール,ＳＣ－０１ＰＵ
0000,0000,0901,_,00091019,ＲｔｏＲ　ナピーパックＳ,ＰＨ－１４Ｒ
0000,0000,0901,サニタリーボックス,00011104,ナピーパックＬ,ＰＨ－２９
0000,0000,0901,サニタリーボックス,00011106,ナピーパックＬ用替袋,ＰＨＣ－２９
0000,0000,0901,サニタリーボックス,00011107,ナピーパックＰＨ－１２,ＰＨ－１２
0000,0000,0901,サニタリーボックス,00011108,ナピーパックＰＨ－２１,ＰＨ－２１
0000,0000,0901,サニタリーボックス,00011109,ナピーパックＰＨ－２２,ＰＨ－２２
0000,0000,0901,サニタリーボックス,00011102,ナピーパックＳ　アイボリー,ＰＨ－１４Ｉ
0000,0000,0901,サニタリーボックス,00011101,ナピーパックＳ　グリーン,ＰＨ－１４Ｇ
0000,0000,0901,サニタリーボックス,00011103,ナピーパックＳ　ピンク,ＰＨ－１４Ｐ
0000,0000,0901,サニタリーボックス,00011100,ナピーパックＳ　ブルー,ＰＨ－１４Ｂ
0000,0000,0901,サニタリーボックス,00011105,ナピーパックＳ用　替袋,ＰＨＣ－１４
0000,0000,0902,便座シート,00011306,Ｊ－３０００,Ｊ－３０００
0000,0000,0902,便座シート,00011307,Ｊ－３０００用キャビネット,Ｄ－５６００
0000,0000,1010,便器専用ブラシ,00011600,アプリケータブラシ,ＡＰ－ＢＲ
0000,0000,9992,開発費,00090004,さぼんな,開発費さぼ
0000,0100,0100,森林浴消臭剤,00008522,エコゾアカートリッジダクトアダプタ,ＥＺ－ＤＡ
0000,0100,0100,森林浴消臭剤,00008520,エコゾア用シトラス,ＥＺ－ＣＩ
0000,0100,0100,森林浴消臭剤,00008518,エコゾア用ニュートラル,ＥＺ－ＮＹ
0000,0100,0100,森林浴消臭剤,00008519,エコゾア用ヒノキ,ＥＺ－ＨＩ
0000,0100,0100,森林浴消臭剤,00008524,カーオドレーザー　１袋,ＣＲ－ＣＡ
0000,0100,0100,森林浴消臭剤,00008523,カーオドレーザー　３枚セット,ＣＲ－ＣＡＳ
0000,0100,0100,森林浴消臭剤,00008551,クリーンフィールドカートリッジヒノキ,ＫＦ－ＨＩ
0000,0100,0100,森林浴消臭剤,00009027,ヒノキメンブレン,ＭＥ－１１
0000,0100,0100,森林浴消臭剤,00009028,ヒノキメンブレン　箱無,ＭＥ－１１Ｎ
0000,0100,0100,森林浴消臭剤,00009034,ヒノキメンブレン№Ⅱ,ＭＥ－１２Ｈ
0000,0100,0100,森林浴消臭剤,00009031,ヒノキメンブレンミニフォーレ用,ＭＦ－１１Ｈ
0000,0100,0100,森林浴消臭剤,00030614,ヒノキメンブレン仕入セット,ＭＥＨＩ仕入Ｓ
0000,0100,0100,森林浴消臭剤,00030616,ヒノキメンブレン用袋箔押し,ＭＥＨＩ用袋
0000,0100,0100,森林浴消臭剤,00009033,ミニフォーレレモン　１枚,ＭＦ－ＲＥ
0000,0100,0100,森林浴消臭剤,00009026,ミニフォーレレモン　２枚セット,ＭＦ－ＲＥＳ
0000,0100,0100,森林浴消臭剤,00030607,メンブレン１０個箱,１０個箱
0000,0100,0100,森林浴消臭剤,00030608,メンブレン１２個箱,１２個箱
0000,0100,0100,森林浴消臭剤,00030609,メンブレン６０個箱,６０個箱
0000,0100,0100,森林浴消臭剤,00008517,メンブレンＢＯＸ,ＭＥ－ＢＯＸ
0000,0100,0100,森林浴消臭剤,00030606,メンブレンＢＯＸ個箱,ＭＥＢＯＸ個箱
0000,0100,0100,森林浴消臭剤,00008514,メンブレンＮｏ．１,ＭＥ－０１
0000,0100,0100,森林浴消臭剤,00008541,メンブレンＮｏ．１　箱無,ＭＥ－０１Ｎ
0000,0100,0100,森林浴消臭剤,00030603,メンブレンＮｏ．１個箱,ＭＥ０１個箱
0000,0100,0100,森林浴消臭剤,00008515,メンブレンＮｏ．２,ＭＥ－０２
0000,0100,0100,森林浴消臭剤,00030604,メンブレンＮｏ．２個箱,ＭＥ０２個箱
0000,0100,0100,森林浴消臭剤,00030601,メンブレンＮｏ．２箱無仕入セット,ＭＥ－０２仕入
0000,0100,0100,森林浴消臭剤,00008516,メンブレンＮｏ．５,ＭＥ－０５
0000,0100,0100,森林浴消臭剤,00030605,メンブレンＮｏ．５個箱,ＭＥ０５個箱
0000,0100,0100,森林浴消臭剤,00030617,メンブレンヒノキ　薬,ＭＥＨＩ
0000,0100,0100,森林浴消臭剤,00030602,メンブレンラミネート小袋,ＭＥ小袋
0000,0100,0100,森林浴消臭剤,00008521,全館消臭用メンブレン,ＭＥ－２０
0000,0100,0110,森林浴送風器,00091016,ＲｔｏＲ　ボンアート,ＢＡＲ
0000,0100,0110,森林浴送風器,00091014,ＲｔｏＲ　ボンボア,ＢＢＲ
0000,0100,0110,森林浴送風器,00008505,エコゾア（ＡＣ）,ＥＺ－ＡＣ
0000,0100,0110,森林浴送風器,00008506,エコゾア（ＤＣ）,ＥＺ－ＤＣ
0000,0100,0110,森林浴送風器,00008550,クリーンフィールド,ＫＦ－Ｈ
0000,0100,0110,森林浴送風器,00008504,コマーシャル,ＣＭ－０１
0000,0100,0110,森林浴送風器,00008503,ボンアート,ＢＡ－０１　●
0000,0100,0110,ボンアート用,00008540,ボンアート用『書』,ＢＡ－ＳＹＯ
0000,0100,0110,森林浴送風器,00008500,ボンボア,ＢＢ－０１ＩＶ
0000,0100,0110,森林浴送風器,00008501,ボンボア　ブラック,ＢＢ－０１ＢＫ
0000,0100,0110,森林浴送風器,00008502,ボンボアミニ,ＢＢＭ－０５
0000,0100,0110,ボンボア用,00030600,ボンボア用メカセット,ＢＢ－ＭＫＳ
0000,0100,0110,ボンボア用,00030613,ボンボア用ロゴシール,ＢＢロゴシール
0000,0100,0110,ボンボア用,00030612,ボンボア用本体カバー,ＢＢ－１ＣＯ
0000,0100,0110,ボンボア用,00030611,ボンボア用本体ベース,ＢＢ－１ＢＳ
0000,0100,0110,森林浴送風器,00009030,ミニフォーレ,ＥＭＦ－０１
0000,0100,0110,森林浴送風器,00009029,ミニフォーレＬ,ＥＭＦ０１Ｌ●
0000,0100,0110,森林浴送風器,00040082,ミニフォーレ取付用工具,ＭＦＳＴ
0000,0100,0110,森林浴消臭剤,00030615,ミニフォーレ用商品シール,ＭＦ用シール
0000,0100,0110,森林浴送風器,00008546,ミニボンアート（試作品）,ＢＡＭ－０１
0000,0100,0120,森林浴脱臭器,00008511,カーオドレーザー　グレー,ＣＲ－Ｇ
0000,0100,0120,森林浴脱臭器,00008509,カーオドレーザー　ブラック,ＣＲ－ＢＫ
0000,0100,0120,森林浴脱臭器,00008512,カーオドレーザー　ブルー,ＣＲ－ＢＬ
0000,0100,0120,森林浴脱臭器,00008508,カーオドレーザー　ホワイト,ＣＲ－Ｗ
0000,0100,0120,森林浴脱臭器,00008510,カーオドレーザー　ワインレッド,ＣＲ－ＷＲ
0000,0100,0120,森林浴脱臭器,00008513,ネイチャーフレッシュ,ＮＦ
0000,0100,0120,森林浴脱臭器,00008525,ネイチャーフレッシュＪｒ,ＮＦＪｒ
0000,0100,0120,森林浴脱臭器,00008526,ネイチャーフレッシュ用フィルタ,ＮＦ－Ｆ
0000,0100,0140,無香料消臭剤,00008545,シザース,ＧＬ－０１
0000,0100,0140,無香料消臭剤,00008528,ムッシュＮｏ．１,ＭＵ－０１
0000,0100,0140,無香料消臭剤,00030610,ムッシュ個箱,ムッシュ個箱
0000,0100,0150,フレグランス,00008542,リフレ　ボンボア用オレンジ,ＬＦ－ＢＯＲ
0000,0100,0150,フレグランス,00008539,リフレ　ボンボア用ブーケ,ＬＦ－ＢＢＵ
0000,0100,0150,フレグランス,00008538,リフレ　ボンボア用ミント,ＬＦ－ＢＭＩ
0000,0100,0150,フレグランス,00008537,リフレ　ボンボア用ライム,ＬＦ－ＢＬＩ
0000,0100,0160,消臭スプレー,00008535,ドライ型ネイチャーフレッシュＬ,ＮＦ－ＳＰＬ
0000,0100,0160,消臭スプレー,00008534,ドライ型ネイチャーフレッシュＳ,ＮＦ－ＳＰＳ
0000,0100,0160,消臭スプレー,00008536,ホスピノーズ３８０,ＨＰ－ＳＰ
0000,0100,0160,消臭スプレー,00008532,酵素型消臭バイオＣ　０．５Ｌ,ＢＣ－０５
0000,0100,0160,消臭スプレー,00008531,酵素型消臭バイオＣ　２０Ｌ,ＢＣ－２０
0000,0100,0160,消臭スプレー,00008533,酵素型消臭バイオＣ用ノズル付容器,ＢＣ－ＳＰ
0000,0100,0531,トイレットペーパー,00011303,ながまきがみ　Ｊ－２４０,Ｊ－２４０
0000,0100,0531,トイレットペーパー,00011304,ながまきがみ本体鍵付,Ｄ－３５００
0000,0100,0531,トイレットペーパー,00011305,ながまきがみ本体鍵無,Ｄ－３６００
0000,0100,0531,トイレットペーパー,00011311,三角セットホルダー　メルボア,メルボア
0000,0100,1020,_,00700059,空気清浄機クリーンボーイメンテナンス,ＡＣ－ＣＢＭＴ
0000,0100,1020,_,00700051,空気清浄機メンテナンス,ＡＣ－ＭＴ
0000,0100,2010,ＡＢ３６０用,00010603,ＡＢ３６０用　集塵ユニット,ＡＢ－３Ｃ
0000,0100,2010,ＡＢ３６０用,00010604,ＡＢ３６０用　脱臭フィルタ,ＡＢ－３Ｆ
0000,0100,2010,空気清浄機,00010602,ＡＢ４８０本体,ＡＢ４８０
0000,0100,2010,ＡＢ４８０用,00010600,ＡＢ４８０用　集塵ユニット（２個入り）,ＡＢ－４Ｃ
0000,0100,2010,ＡＢ４８０用,00010601,ＡＢ４８０用　脱臭フィルタ（２個入り）,ＡＢ－４Ｆ
0000,0100,9998,_,00013101,トイレルーム,トイレルーム
0000,0100,9998,_,00013007,換気扇,換気扇
0000,0100,9998,_,00013100,施設,施設
0000,0100,9998,衛生陶器,00013000,小便器,小便器
0000,0100,9998,その他,07000101,床清掃,床清掃
0000,0100,9998,_,00013004,床面,床面
0000,0100,9998,_,00013010,畳,畳
0000,0100,9998,_,00013102,厨房,厨房
0000,0100,9998,衛生陶器,00013003,洗面台,洗面台
0000,0100,9998,_,00013006,天井,天井
0000,0100,9998,_,00013008,排水管,排水管
0000,0100,9998,_,00013005,壁面,壁面
0000,0100,9998,衛生陶器,00013001,洋式大便器,洋式大便器
0000,0100,9998,衛生陶器,00013002,和式大便器,和式大便器
0000,0100,9998,_,00013009,絨毯,絨毯
0000,0200,0200,小便器自動洗浄器,00091020,ＲｔｏＲ　ＴＥＡ６１ＧＤ,ＴＥＡ６１ＧＤＲ
0000,0200,0200,小便器自動洗浄器,00091005,ＲｔｏＲ　センサＱ,ＰＱＲ
0000,0200,0200,小便器自動洗浄器,00091018,ＲｔｏＲ　センサＶ,ＰＶＲ
0000,0200,0200,小便器自動洗浄器,00091003,ＲｔｏＲ　センサＸ,ＰＸＲ
0000,0200,0200,小便器自動洗浄器,00100503,ＲｔｏＲ　フラッシュマン,フラッシュマン
0000,0200,0200,小便器自動洗浄器,00009603,ピピセンサＱ　カウンター付,ＰＱ－ＣＴ　●
0000,0200,0200,小便器自動洗浄器,00009601,ピピセンサＱ　クロム,ＰＱ－ＣＲ　●
0000,0200,0200,小便器自動洗浄器,00009600,ピピセンサＱ　ホワイト,ＰＱ－Ｗ　　●
0000,0200,0200,小便器自動洗浄器,00009604,ピピセンサＱ　寒冷地仕様,ＰＱ－ＣＶ　●
0000,0200,0200,小便器自動洗浄器,00009602,ピピセンサＱ　集中式,ＰＱ－ＣＳ
0000,0200,0200,小便器自動洗浄器,00009607,ピピセンサＶ　ＴＧＮタイプ,ＰＶ－ＴＧＮ●
0000,0200,0200,小便器自動洗浄器,00009608,ピピセンサＶ　ＴＧタイプ,ＰＶ－ＴＧ
0000,0200,0200,小便器自動洗浄器,00009606,ピピセンサＶ　Ｔタイプ,ＰＶ－Ｔ
0000,0200,0200,小便器自動洗浄器,00009609,ピピセンサＶ　ＵＦタイプ,ＰＶ－ＵＦ　●
0000,0200,0200,小便器自動洗浄器,00009506,ピピセンサＸ　Ｔ１Ｃセット,ＰＸ－Ｔ１Ｃ●
0000,0200,0200,小便器自動洗浄器,00009500,ピピセンサＸ　Ｔ２,ＰＸ－Ｔ２　●
0000,0200,0200,小便器自動洗浄器,00009502,ピピセンサＸ　Ｔ３Ｉ,ＰＸ－Ｔ３Ｉ●
0000,0200,0200,小便器自動洗浄器,00009501,ピピセンサＸ　Ｔ３Ｗ,ＰＸ－Ｔ３Ｗ●
0000,0200,0200,小便器自動洗浄器,00009503,ピピセンサＸ　Ｘ２,ＰＸ－Ｘ２　●
0000,0200,0200,小便器自動洗浄器,00009505,ピピセンサＸ　Ｘ３Ｉ,ＰＸ－Ｘ３Ｉ●
0000,0200,0200,小便器自動洗浄器,00009504,ピピセンサＸ　Ｘ３Ｗ,ＰＸ－Ｘ３Ｗ●
0000,0200,0200,小便器自動洗浄器,00009509,ピピセンサＸ　デモ機,Ｘ－ＤＥ
0000,0200,0200,小便器自動洗浄器,00009605,フラッシュオート　海水対応,ＦＯ－Ｓ
0000,0200,0210,センサーＸ用,00009507,センサＸ用　員数カウンター,Ｘ－ＣＯＵ　●
0000,0200,0210,センサーＸ用,00009508,センサＸ用　嵩上げゴムパッキン,Ｘ－ＰＡＫＩ●
0000,0200,0210,センサーＸ用,00030063,センサＸ用Ｂ３Ｗ４０００,ＸＢ３Ｗ４０００
0000,0200,0210,センサーＸ用,00030035,センサＸ用ＩＮＡＸ用スペーサー,ＸＩＮスペーサー
0000,0200,0210,センサーＸ用,00030034,センサＸ用ＩＮＡＸ用ネジ,ＸＩＮネジ
0000,0200,0210,センサーＸ用,00030051,センサＸ用ＩＮＡＸ用メーカーラベル,ＸＩＮＭラベル
0000,0200,0210,センサーＸ用,00030049,センサＸ用ＩＮＡＸ用定格ラベル,ＸＩＮ定格ラベル
0000,0200,0210,センサーＸ用,00030059,センサＸ用ＫＳＳ０８Ｓ,ＸＫＳＳ０８Ｓ
0000,0200,0210,センサーＸ用,00030018,センサＸ用ＬＥＤカバー,ＸＬＥＤＣ
0000,0200,0210,センサーＸ用,00030040,センサＸ用Ｏリング（００２２）水流Ｕ上,ＸＯ水流Ｕ上
0000,0200,0210,センサーＸ用,00030039,センサＸ用Ｏリング（０１２４）水流Ｕ中,ＸＯ水流Ｕ中
0000,0200,0210,センサーＸ用,00030041,センサＸ用Ｏリング（０１２８）ＴＯリング,ＸＯＴＯリング
0000,0200,0210,センサーＸ用,00030060,センサＸ用ＰＥＣ－１,ＸＰＥＣ１
0000,0200,0210,センサーＸ用,00030061,センサＸ用ＰＥＣ－２,ＸＰＥＣ２
0000,0200,0210,センサーＸ用,00030062,センサＸ用ＰＥＣ－３,ＸＰＥＣ３
0000,0200,0210,センサーＸ用,00030037,センサＸ用ＳＷシート,ＸＳＷシート
0000,0200,0210,センサーＸ用,00030058,センサＸ用ＴＬ０６４４ＣＮＳ,ＸＴＬ０６４４ＣＮＳ
0000,0200,0210,センサーＸ用,00030031,センサＸ用ＴＯＴＯ用ネジ,ＸＴＯネジ
0000,0200,0210,センサーＸ用,00030050,センサＸ用ＴＯＴＯ用メーカーラベル,ＸＴＯＭラベル
0000,0200,0210,センサーＸ用,00030033,センサＸ用ＴＯＴＯ用リング,ＸＴＯリング
0000,0200,0210,センサーＸ用,00030048,センサＸ用ＴＯＴＯ用定格ラベル,ＸＴＯ定格ラベル
0000,0200,0210,センサーＸ用,00030032,センサＸ用ＴＯ用リング（Ｏリング無）,ＸＴＯリングＯＮ
0000,0200,0210,センサーＸ用,00030014,センサＸ用カバー（アイボリー）,ＸカバーＩＶ
0000,0200,0210,センサーＸ用,00030013,センサＸ用カバー（ホワイト）,ＸカバーＷ
0000,0200,0210,センサーＸ用,00030071,センサＸ用カラーカバー　イエロー,ＰＸＣ－ＹＥ●
0000,0200,0210,センサーＸ用,00030073,センサＸ用カラーカバー　グリーン,ＰＸＣ－ＧＮ●
0000,0200,0210,センサーＸ用,00030074,センサＸ用カラーカバー　ブラウン,ＰＸＣ－ＢＲ●
0000,0200,0210,センサーＸ用,00030075,センサＸ用カラーカバー　ブラック,ＰＸＣ－ＢＫ●
0000,0200,0210,センサーＸ用,00030072,センサＸ用カラーカバー　ブルー,ＰＸＣ－ＢＬ●
0000,0200,0210,センサーＸ用,00030070,センサＸ用カラーカバー　ワインレッド,ＰＸＣ－ＷＲ●
0000,0200,0210,センサーＸ用,00030047,センサＸ用キャップシール,ＸＣＡＰシール
0000,0200,0210,センサーＸ用,00030012,センサＸ用ケース（アイボリー）,ＸＣＡＳＥＩ
0000,0200,0210,センサーＸ用,00030011,センサＸ用ケース（ホワイト）,ＸＣＡＳＥＷ
0000,0200,0210,センサーＸ用,00030027,センサＸ用シャーシＢ,ＰＸＳＹＢ　●
0000,0200,0210,センサーＸ用,00030066,センサＸ用セムスＡ（電磁弁ユニット止）,Ｘセムス電磁Ｕ上
0000,0200,0210,センサーＸ用,00030067,センサＸ用セムスＢ（スライド部）,ＸセムスＢスライド
0000,0200,0210,センサーＸ用,00030068,センサＸ用セムスＣ（Ｘ取付）,ＸセムスＸ取付
0000,0200,0210,センサーＸ用,00030017,センサＸ用センサカバーＢ,ＸＣカバーＢ
0000,0200,0210,センサーＸ用,00030069,センサＸ用タッピンネジ（基板止）,Ｘ基盤止ネジ
0000,0200,0210,センサーＸ用,00030028,センサＸ用パイプＡ（電磁弁Ｕ用）,ＸパイプＡ　●
0000,0200,0210,センサーＸ用,00030029,センサＸ用パイプＢ(電磁弁ユニット用）,ＸＰＢ電磁Ｕ●
0000,0200,0210,センサーＸ用,00030065,センサＸ用ハインド（ケース前止め）,ＸハインドＣＭ
0000,0200,0210,センサーＸ用,00030043,センサＸ用パッキン(電磁弁Ｕ用）,Ｘパッキン電磁Ｕ
0000,0200,0210,センサーＸ用,00030042,センサＸ用パッキンＢ（水流Ｕ）,ＸパッキンＢ
0000,0200,0210,センサーＸ用,00030016,センサＸ用ベース（アイボリー）,ＸベースＩＶ
0000,0200,0210,センサーＸ用,00030015,センサＸ用ベース（ホワイト）,ＸベースＷ
0000,0200,0210,センサーＸ用,00030045,センサＸ用ポリ袋Ｎｏ．１,Ｘポリ袋１
0000,0200,0210,センサーＸ用,00030046,センサＸ用ポリ袋Ｎｏ．１５,Ｘポリ袋１５
0000,0200,0210,センサーＸ用,00030026,センサＸ用マグネット,Ｘマグネット●
0000,0200,0210,センサーＸ用,00030004,センサＸ用メイン基板,Ｘメイン基板
0000,0200,0210,センサーＸ用,00030000,センサＸ用メイン基板ユニット,Ｘ基板ＵＮ　●
0000,0200,0210,センサーＸ用,00030007,センサＸ用乾電池ケース,Ｘ乾電池CASE
0000,0200,0210,センサーＸ用,00030054,センサＸ用基板防水シート,Ｘ基盤防水シート
0000,0200,0210,センサーＸ用,00030044,センサＸ用鍵ピン,Ｘ－ＫＥＹ
0000,0200,0210,センサーＸ用,00030055,センサＸ用仕様説明書,Ｘ仕様説明書
0000,0200,0210,センサーＸ用,00030021,センサＸ用軸受けプレート,Ｘ軸受Ｐ　　●
0000,0200,0210,センサーＸ用,00030030,センサＸ用取付ナット,Ｘ取付ナット●
0000,0200,0210,センサーＸ用,00030019,センサＸ用水流ケース,Ｘ水流Ｃ
0000,0200,0210,センサーＸ用,00030022,センサＸ用水流スクリュー,Ｘ水流Ｓ　　●
0000,0200,0210,センサーＸ用,00030020,センサＸ用水流プレート,Ｘ水流Ｐ
0000,0200,0210,センサーＸ用,00030003,センサＸ用水流ユニット,Ｘ水流ＵＮ
0000,0200,0210,センサーＸ用,00030056,センサＸ用生基板,Ｘ生基盤
0000,0200,0210,センサーＸ用,00030036,センサＸ用組立ネジセット,Ｘ組立ネジＳ
0000,0200,0210,センサーＸ用,00040018,センサＸ用太径ＯリングＩＮＡＸ用,ＯＭＳＦ－ＮＯＲ
0000,0200,0210,センサーＸ用,00030064,センサＸ用脱落防止ネジ,Ｘ脱落防止ネジ
0000,0200,0210,センサーＸ用,00030005,センサＸ用電源基板,Ｘ電源基板
0000,0200,0210,センサーＸ用,00030001,センサＸ用電源基板ユニット,Ｘ電源基板ＵＮ
0000,0200,0210,センサーＸ用,00030057,センサＸ用電子パーツ,Ｘ電子パーツ
0000,0200,0210,センサーＸ用,00030002,センサＸ用電磁弁ユニット,Ｘ電磁弁ＵＮ
0000,0200,0210,センサーＸ用,00030006,センサＸ用電池ＢＯＸ(未加工),Ｘ電池ＢＯＸ
0000,0200,0210,センサーＸ用,00030052,センサＸ用電池シート,Ｘ電池シート
0000,0200,0210,センサーＸ用,00030008,センサＸ用電池接点,Ｘ電池接点
0000,0200,0210,センサーＸ用,00030010,センサＸ用保護ガラス（未加工）,Ｘ保護Ｇ
0000,0200,0210,センサーＸ用,00030009,センサＸ用保護ガラス組立,Ｘ保護Ｇ組立
0000,0200,0210,センサーＸ用,00030038,センサＸ用防水シート（加工用）,Ｘ防水Ｓ
0000,0200,0210,センサーＸ用,00030053,センサＸ用防水スポンジ,Ｘ防水スポンジ
0000,0200,0210,センサーＸ用,00030023,センサＸ用網（水流ユニット用）,Ｘ網水流Ｕ　●
0000,0200,0210,センサーＸ用,00030024,センサＸ用網Ｂ（電磁弁用）,Ｘ網Ｂ電磁
0000,0200,0210,センサーＸ用,00030025,センサＸ用網Ｃ（ストレーナー）,Ｘ網Ｃスト　●
0000,0200,0210,センサーＸ用,00030200,センサＸ用薬剤タンクドライバｰ,ＰＸ－ＸＶＤ●
0000,0200,0211,センサーＱ用,00030300,センサＱ用外装ケース,ＰＱ－ＯＣＡ
0000,0200,0211,センサーＱ用,00030301,センサＱ用外装ケース組立,ＰＱ外装組立
0000,0200,0211,センサーＱ用,00030304,センサＱ用電磁弁組立,Ｑ電磁弁組立
0000,0200,0211,センサーＱ用,00030302,センサＱ用裏板,Ｑ裏板
0000,0200,0211,センサーＱ用,00030303,センサＱ用裏板組立,Ｑ裏板組立
0000,0200,0300,_,00091007,ＲｔｏＲ　スリムオ－ト,ＳＯＲ
0000,0200,0300,_,00091008,ＲｔｏＲ　せせらぎ,ＴＲＩＲ
0000,0200,0300,_,00091001,ＲｔｏＲ　センサー機器,ＤＳＲ
0000,0200,0300,自動水栓,00091006,ＲｔｏＲ　清流,ＡＴＡＲ
0000,0200,0300,自動水栓,00009612,さざなみオートＬ,ＴＲＩ－０２Ｌ
0000,0200,0300,自動水栓,00009611,さざなみオートＭ,ＴＲＩ－０２Ｍ
0000,0200,0300,自動水栓,00009610,さざなみオートＳ,ＴＲＩ－０２Ｓ
0000,0200,0300,自動水栓,00009721,スリムオート　オンオフセンサー（Ｆ）,ＳＯ－０１Ｆ
0000,0200,0300,自動水栓,00009722,スリムオート　通常センサー（Ｔ）,ＳＯ－０１Ｔ
0000,0200,0300,節水型自動水栓,00009717,せせらぎ,ＴＲＩ-０１
0000,0200,0300,自動水栓,00009700,清流,ＡＴＳ－０１●
0000,0200,0300,自動水栓,00009702,清流,ＡＴＳ－０１Ｌ
0000,0200,0300,自動水栓,00009706,清流,ＥＹ５０１
0000,0200,0300,自動水栓,00009701,清流　Ｖｅｒ．２,ＡＴＳ－０２●
0000,0200,0300,自動水栓,00009714,清流　Ｖｅｒ．４,ＡＴＳ－０４
0000,0200,0300,自動水栓,00009713,清流　デモ機,ＡＴＳ－ＤＥ
0000,0200,0300,自動水栓,00009705,清流Ｊ,ＡＴＳ－０３
0000,0200,0300,自動水栓,00009716,清流Ｊクロム,ＡＴＳ－０４ＣＲ
0000,0200,0300,自動水栓,00009715,清流Ｊマクドナルド仕様,ＡＴＳ－０３Ｍｃ
0000,0200,0300,自動水栓,00009703,清流ステキ付,ＡＴＳ－０１Ｓ
0000,0200,0300,自動水栓,00009704,清流ステキ付,ＡＴＳ－０２Ｓ
0000,0200,0310,スイット,00010100,清流Ｖ用　３．５ミリ,Ｖ（３．５）●
0000,0200,0310,スイット,00010101,清流Ｖ用　４．５ミリ,Ｖ（４．５）●
0000,0200,0310,スイット,00010102,清流Ｖ用　５．５ミリ,Ｖ（５．５）
0000,0200,0310,スイット,00010103,清流Ｖ用　泡沫,ＶＨ
0000,0200,0310,自動水栓,00009712,清流用カバー　ステキ,ＡＴＳ－ＳＴＫ
0000,0200,0310,清流用,00030401,清流用水栓カラン部（スタンダード）,ＳＲ水栓カランＳＴ
0000,0200,0310,清流用,00030402,清流用水栓カラン部（首長）,ＳＲ水栓カラン首長
0000,0200,0310,清流用,00030403,清流用水栓カラン部上ケース（スタンダード）,ＳＲ上ケースＳＴ
0000,0200,0310,清流用,00030404,清流用水栓カラン部上ケース（首長）,ＳＲ上ケース首長
0000,0200,0310,清流用,00030400,清流用電磁弁ユニット,ＳＲ電磁弁Ｕ
0000,0200,0311,せせらぎ用,00040070,せせらぎ用デモセット,ＴＲＩ－ＤＳ
0000,0200,0311,せせらぎ用,00040072,せせらぎ用節水型泡沫弁Ａ,節水泡沫Ａ
0000,0200,0311,せせらぎ用,00040073,せせらぎ用節水型泡沫弁Ｂ,節水泡沫Ｂ
0000,0200,0311,せせらぎ用,00040071,せせらぎ用超節水型特殊弁,超節水弁
0000,0200,0311,せせらぎ用,00040074,せせらぎ用通常整流器,通常整流器
0000,0200,0312,自動水栓,00009711,せせらぎ・スリムオート用　ＡＣアダプタ　,ＡＴＳ－ＡＣＡ
0000,0200,0312,スリムオート用,00009726,せせらぎ・スリムオート用　変換ＡＤ付特殊弁,ＳＯ－０１ＡＤ
0000,0200,0312,スリムオート用,00009723,せせらぎ・スリムオート用　変換ＡＤ付泡沫弁Ａ,ＳＯ－０１ＨＡ
0000,0200,0312,スリムオート用,00009724,せせらぎ・スリムオート用　変換ＡＤ付泡沫弁ＨＢ,ＳＯ－０１ＨＢ
0000,0200,0313,スリムオート用,00009725,スリムオート用　飾りナット,ＳＯ－０１Ｋ
0000,0200,0500,せせらぎ用,00009719,タッチチューブ（２０ｍ巻き）,ＴＲＩ－０１ＴＣ２０
0000,0200,0500,せせらぎ用,00009720,タッチチューブコネクターセット（５５ｃｍ）,ＴＲＩ－０１ＴＣＳ
0000,0200,0500,せせらぎ用,00009718,ワンタッチコネクター（パッキン付）,ＴＲＩ－０１ＷＣＰ
0000,0200,0700,スイット,00010360,スイット　Ａ　２．５ミリ,Ａ（２．５）
0000,0200,0700,スイット,00010361,スイット　Ａ　３．０ミリ,Ａ（３．０）
0000,0200,0700,スイット,00010362,スイット　Ａ　３．５ミリ,Ａ（３．５）
0000,0200,0700,スイット,00010363,スイット　Ａ　４．０ミリ,Ａ（４．０）
0000,0200,0700,スイット,00010364,スイット　Ａ　４．５ミリ,Ａ（４．５）
0000,0200,0700,スイット,00010365,スイット　Ａ　５．０ミリ,Ａ（５．０）
0000,0200,0700,スイット,00010366,スイット　Ａ　５．５ミリ,Ａ（５．５）
0000,0200,0700,スイット,00010367,スイット　Ａ　６．０ミリ,Ａ（６．０）
0000,0200,0700,スイット,00010368,スイット　Ａ　６．５ミリ,Ａ（６．５）
0000,0200,0700,スイット,00010369,スイット　Ａ　７．０ミリ,Ａ（７．０）
0000,0200,0700,スイット,00010370,スイット　Ａ　７．５ミリ,Ａ（７．５）
0000,0200,0700,スイット,00010371,スイット　Ａ　８．０ミリ,Ａ（８．０）
0000,0200,0700,スイット,00010380,スイット　ＦＶ,ＦＶ
0000,0200,0700,スイット,00010420,スイット　ＨＡ２－１３,ＨＡ２－１３
0000,0200,0700,スイット,00010440,スイット　ＨＡ２－１９,ＨＡ２－１９
0000,0200,0700,スイット,00010460,スイット　ＨＢ２－１３,ＨＢ２－１３
0000,0200,0700,スイット,00010480,スイット　ＨＢ２－１９,ＨＢ２－１９
0000,0200,0700,スイット,00010400,スイット　ＬＴ３０,ＬＴ３０
0000,0200,0700,スイット,00010401,スイット　ＬＴ５０,ＬＴ５０
0000,0200,0700,スイット,00010200,スイット　Ｍ１３　２．５ミリ,Ｍ１３（２．５）
0000,0200,0700,スイット,00010201,スイット　Ｍ１３　３．０ミリ,Ｍ１３（３．０）
0000,0200,0700,スイット,00010202,スイット　Ｍ１３　３．５ミリ,Ｍ１３（３．５）
0000,0200,0700,スイット,00010203,スイット　Ｍ１３　４．０ミリ,Ｍ１３（４．０）
0000,0200,0700,スイット,00010204,スイット　Ｍ１３　４．５ミリ,Ｍ１３（４．５）
0000,0200,0700,スイット,00010205,スイット　Ｍ１３　５．０ミリ,Ｍ１３（５．０）
0000,0200,0700,スイット,00010206,スイット　Ｍ１３　５．５ミリ,Ｍ１３（５．５）
0000,0200,0700,スイット,00010207,スイット　Ｍ１３　６．０ミリ,Ｍ１３（６．０）
0000,0200,0700,スイット,00010208,スイット　Ｍ１３　６．５ミリ,Ｍ１３（６．５）
0000,0200,0700,スイット,00010209,スイット　Ｍ１３　７．０ミリ,Ｍ１３（７．０）
0000,0200,0700,スイット,00010210,スイット　Ｍ１３　７．５ミリ,Ｍ１３（７．５）
0000,0200,0700,スイット,00010211,スイット　Ｍ１３　８．０ミリ,Ｍ１３（８．０）
0000,0200,0700,スイット,00010220,スイット　Ｍ１９　２．５ミリ,Ｍ１９（２．５）
0000,0200,0700,スイット,00010221,スイット　Ｍ１９　３．０ミリ,Ｍ１９（３．０）
0000,0200,0700,スイット,00010222,スイット　Ｍ１９　３．５ミリ,Ｍ１９（３．５）
0000,0200,0700,スイット,00010223,スイット　Ｍ１９　４．０ミリ,Ｍ１９（４．０）
0000,0200,0700,スイット,00010224,スイット　Ｍ１９　４．５ミリ,Ｍ１９（４．５）
0000,0200,0700,スイット,00010225,スイット　Ｍ１９　５．０ミリ,Ｍ１９（５．０）
0000,0200,0700,スイット,00010226,スイット　Ｍ１９　５．５ミリ,Ｍ１９（５．５）
0000,0200,0700,スイット,00010227,スイット　Ｍ１９　６．０ミリ,Ｍ１９（６．０）
0000,0200,0700,スイット,00010228,スイット　Ｍ１９　６．５ミリ,Ｍ１９（６．５）
0000,0200,0700,スイット,00010229,スイット　Ｍ１９　７．０ミリ,Ｍ１９（７．０）
0000,0200,0700,スイット,00010230,スイット　Ｍ１９　７．５ミリ,Ｍ１９（７．５）
0000,0200,0700,スイット,00010231,スイット　Ｍ１９　８．０ミリ,Ｍ１９（８．０）
0000,0200,0700,スイット,00010120,スイット　ＳＵＩＴ,ＳＵＩＴ
0000,0200,0700,スイット,00010280,スイット　ＴＨ１３　２．５ミリ,ＴＨ１３（２．５）
0000,0200,0700,スイット,00010281,スイット　ＴＨ１３　３．０ミリ,ＴＨ１３（３．０）
0000,0200,0700,スイット,00010282,スイット　ＴＨ１３　３．５ミリ,ＴＨ１３（３．５）
0000,0200,0700,スイット,00010283,スイット　ＴＨ１３　４．０ミリ,ＴＨ１３（４．０）
0000,0200,0700,スイット,00010284,スイット　ＴＨ１３　４．５ミリ,ＴＨ１３（４．５）
0000,0200,0700,スイット,00010285,スイット　ＴＨ１３　５．０ミリ,ＴＨ１３（５．０）
0000,0200,0700,スイット,00010286,スイット　ＴＨ１３　５．５ミリ,ＴＨ１３（５．５）
0000,0200,0700,スイット,00010287,スイット　ＴＨ１３　６．０ミリ,ＴＨ１３（６．０）
0000,0200,0700,スイット,00010288,スイット　ＴＨ１３　６．５ミリ,ＴＨ１３（６．５）
0000,0200,0700,スイット,00010289,スイット　ＴＨ１３　７．０ミリ,ＴＨ１３（７．０）
0000,0200,0700,スイット,00010290,スイット　ＴＨ１３　７．５ミリ,ＴＨ１３（７．５）
0000,0200,0700,スイット,00010291,スイット　ＴＨ１３　８．０ミリ,ＴＨ１３（８．０）
0000,0200,0700,スイット,00010300,スイット　ＴＨ１９　２．５ミリ,ＴＨ１９（２．５）
0000,0200,0700,スイット,00010301,スイット　ＴＨ１９　３．０ミリ,ＴＨ１９（３．０）
0000,0200,0700,スイット,00010302,スイット　ＴＨ１９　３．５ミリ,ＴＨ１９（３．５）
0000,0200,0700,スイット,00010303,スイット　ＴＨ１９　４．０ミリ,ＴＨ１９（４．０）
0000,0200,0700,スイット,00010304,スイット　ＴＨ１９　４．５ミリ,ＴＨ１９（４．５）
0000,0200,0700,スイット,00010305,スイット　ＴＨ１９　５．０ミリ,ＴＨ１９（５．０）
0000,0200,0700,スイット,00010306,スイット　ＴＨ１９　５．５ミリ,ＴＨ１９（５．５）
0000,0200,0700,スイット,00010307,スイット　ＴＨ１９　６．０ミリ,ＴＨ１９（６．０）
0000,0200,0700,スイット,00010308,スイット　ＴＨ１９　６．５ミリ,ＴＨ１９（６．５）
0000,0200,0700,スイット,00010309,スイット　ＴＨ１９　７．０ミリ,ＴＨ１９（７．０）
0000,0200,0700,スイット,00010310,スイット　ＴＨ１９　７．５ミリ,ＴＨ１９（７．５）
0000,0200,0700,スイット,00010311,スイット　ＴＨ１９　８．０ミリ,ＴＨ１９（８．０）
0000,0200,0700,スイット,00010241,スイット　ＴＮ１３　２．５ミリ,ＴＮ１３（２．５）
0000,0200,0700,スイット,00010242,スイット　ＴＮ１３　３．０ミリ,ＴＮ１３（３．０）
0000,0200,0700,スイット,00010243,スイット　ＴＮ１３　３．５ミリ,ＴＮ１３（３．５）
0000,0200,0700,スイット,00010244,スイット　ＴＮ１３　４．０ミリ,ＴＮ１３（４．０）
0000,0200,0700,スイット,00010245,スイット　ＴＮ１３　４．５ミリ,ＴＮ１３（４．５）
0000,0200,0700,スイット,00010246,スイット　ＴＮ１３　５．０ミリ,ＴＮ１３（５．０）
0000,0200,0700,スイット,00010247,スイット　ＴＮ１３　５．５ミリ,ＴＮ１３（５．５）
0000,0200,0700,スイット,00010248,スイット　ＴＮ１３　６．０ミリ,ＴＮ１３（６．０）
0000,0200,0700,スイット,00010249,スイット　ＴＮ１３　６．５ミリ,ＴＮ１３（６．５）
0000,0200,0700,スイット,00010250,スイット　ＴＮ１３　７．０ミリ,ＴＮ１３（７．０）
0000,0200,0700,スイット,00010251,スイット　ＴＮ１３　７．５ミリ,ＴＮ１３（７．５）
0000,0200,0700,スイット,00010252,スイット　ＴＮ１３　８．０ミリ,ＴＮ１３（８．０）
0000,0200,0700,スイット,00010260,スイット　ＴＮ１９　２．５ミリ,ＴＮ１９（２．５）
0000,0200,0700,スイット,00010261,スイット　ＴＮ１９　３．０ミリ,ＴＮ１９（３．０）
0000,0200,0700,スイット,00010262,スイット　ＴＮ１９　３．５ミリ,ＴＮ１９（３．５）
0000,0200,0700,スイット,00010263,スイット　ＴＮ１９　４．０ミリ,ＴＮ１９（４．０）
0000,0200,0700,スイット,00010264,スイット　ＴＮ１９　４．５ミリ,ＴＮ１９（４．５）
0000,0200,0700,スイット,00010265,スイット　ＴＮ１９　５．０ミリ,ＴＮ１９（５．０）
0000,0200,0700,スイット,00010266,スイット　ＴＮ１９　５．５ミリ,ＴＮ１９（５．５）
0000,0200,0700,スイット,00010267,スイット　ＴＮ１９　６．０ミリ,ＴＮ１９（６．０）
0000,0200,0700,スイット,00010268,スイット　ＴＮ１９　６．５ミリ,ＴＮ１９（６．５）
0000,0200,0700,スイット,00010269,スイット　ＴＮ１９　７．０ミリ,ＴＮ１９（７．０）
0000,0200,0700,スイット,00010270,スイット　ＴＮ１９　７．５ミリ,ＴＮ１９（７．５）
0000,0200,0700,スイット,00010271,スイット　ＴＮ１９　８．０ミリ,ＴＮ１９（８．０）
0000,0200,0700,スイット,00010320,スイット　ストレート　２．５ミリ,ストレート（２．５）
0000,0200,0700,スイット,00010321,スイット　ストレート　３．０ミリ,ストレート（３．０）
0000,0200,0700,スイット,00010322,スイット　ストレート　３．５ミリ,ストレート（３．５）
0000,0200,0700,スイット,00010323,スイット　ストレート　４．０ミリ,ストレート（４．０）
0000,0200,0700,スイット,00010324,スイット　ストレート　４．５ミリ,ストレート（４．５）
0000,0200,0700,スイット,00010325,スイット　ストレート　５．０ミリ,ストレート（５．０）
0000,0200,0700,スイット,00010326,スイット　ストレート　５．５ミリ,ストレート（５．５）
0000,0200,0700,スイット,00010327,スイット　ストレート　６．０ミリ,ストレート（６．０）
0000,0200,0700,スイット,00010328,スイット　ストレート　６．５ミリ,ストレート（６．５）
0000,0200,0700,スイット,00010329,スイット　ストレート　７．０ミリ,ストレート（７．０）
0000,0200,0700,スイット,00010330,スイット　ストレート　７．５ミリ,ストレート（７．５）
0000,0200,0700,スイット,00010331,スイット　ストレート　８．０ミリ,ストレート（８．０）
0000,0200,0700,スイット,00010340,スイット　スリム　３．０ミリ,スリム（３．０）
0000,0200,0700,スイット,00010341,スイット　スリム　３．５ミリ,スリム (３．５）
0000,0200,0700,スイット,00010342,スイット　スリム　４．０ミリ,スリム （４．０）
0000,0200,0700,スイット,00010343,スイット　スリム　４．５ミリ,スリム (４．５）
0000,0200,0700,スイット,00010344,スイット　スリム　５．０ミリ,スリム (５．０）
0000,0200,0700,スイット,00010345,スイット　スリム　５．５ミリ,スリム (５．５）
0000,0200,0700,スイット,00010346,スイット　スリム　６．０ミリ,スリム (６．０）
0000,0200,0700,スイット,00010347,スイット　スリム　６．５ミリ,スリム (６．５）
0000,0200,0700,スイット,00010348,スイット　スリム　７．０ミリ,スリム (７．０）
0000,0200,0700,スイット,00010349,スイット　スリム　７．５ミリ,スリム (７．５）
0000,0200,0700,スイット,00010350,スイット　スリム　８．０ミリ,スリム (８．０）
0000,0200,0710,節水システム,00010193,１２ヶ月点検,１２ヶ月点検
0000,0200,0710,節水システム,00010194,２４ヶ月点検,２４ヶ月点検
0000,0200,0710,節水システム,00010190,２ヶ月点検,２ヶ月点検
0000,0200,0710,節水システム,00010195,３６ヶ月点検,３６ヶ月点検
0000,0200,0710,節水システム,00010191,３ヶ月点検,３ヶ月点検
0000,0200,0710,節水システム,00010196,４８ヶ月点検,４８ヶ月点検
0000,0200,0710,節水システム,00010192,６ヶ月点検,６ヶ月点検
0000,0200,0710,節水システム,00040039,スイットＢＯＸ,スイットＢＯＸ
0000,0200,0710,節水システム,00090003,スイットレンタル,スイットレンタル
0000,0200,0710,節水システム,00040036,ストップウオッチ,Ｓウォッチ
0000,0200,0710,節水システム,01000000,メーター検針,検針
0000,0200,0710,節水システム,00010199,メーター点検,Ｍ－ＭＥＮＴ
0000,0200,0710,節水システム,00040038,メジャーカップ,カップ
0000,0200,0710,節水システム,00010198,月例点検,月例点検
0000,0200,0710,節水システム,00010197,上下水系統診断,上下水系統診断
0000,0200,1000,_,00030201,フラッシュバルブ水圧測定器ＩＮＡＸ用,ＦＰ－Ｘ
0000,0200,1000,_,00030202,フラッシュバルブ水圧測定器ＩＮＡＸ用,ＦＰ－Ｘ
0000,0200,1020,_,00090020,工事一式,工事一式
0000,0200,1020,_,00090008,修理一式,修理一式
0000,0200,1020,_,00800003,浄化槽管理　定期点検作業,浄化槽管理
0000,0200,9992,開発費,00090001,センサＱ,開発費Ｑ
0000,0200,9992,開発費,00090000,センサＸ,開発費Ｘ
0000,0200,9992,開発費,00090002,清流,開発費清
0000,0400,9003,営業ツール,00050061,「小便器の尿石対策」,ＡＭＥ－ＳＮＴ
0000,0400,9003,営業ツール,00050062,アプローチカード,ＡＭＥ－ＡＰ
0000,0400,9003,営業ツール,00050063,アメニティカレンダー,ＡＭＥ－ＣＡ
0000,0400,9003,_,00050028,ロゴシール（１８×５６）,シールＳ
0000,0400,9003,_,00050030,ロゴシール（２３×７４）,シールＭ
0000,0400,9003,_,00050029,ロゴシールＳ,ロゴシールＳ
0000,0400,9003,_,00050031,ロゴシール社名（２９×７７）,社名シールＭ
0000,0400,9003,_,00050032,ロゴシール版下,ロゴシール版下
0000,0400,9003,_,00091000,広告料「設備と管理」　８月,設管広告料
0000,0400,9003,_,00050027,車両ステッカー,車両ステッカー
0000,0400,9003,営業ツール,00050150,年賀状,ＡＭＥ－ＮＥ
0000,0400,9006,商品カタログ,00050091,カタログ　さざなみオート,商カ　さざなみ
0000,0400,9006,商品カタログ,00050020,カタログ　さぼんなシリーズ,廃盤
0000,0400,9006,商品カタログ,00050019,カタログ　シートクリーナー,商カ　シークリ
0000,0400,9006,商品カタログ,00050114,カタログ　シートクリーナーＪｒ．,商カ　シーＪｒ
0000,0400,9006,商品カタログ,00050021,カタログ　スイットＶ,商カ　スイット
0000,0400,9006,商品カタログ,00050089,カタログ　スリムオート,商カ　スリム
0000,0400,9006,商品カタログ,00050088,カタログ　せせらぎ,商カ　せせらぎ
0000,0400,9006,商品カタログ,00050024,カタログ　センサレット,商カ　ＳＲＦ
0000,0400,9006,商品カタログ,00050013,カタログ　トラッシュ,廃盤
0000,0400,9006,商品カタログ,00050077,カタログ　ながまきがみ,商カ　Ｊ２４０
0000,0400,9006,商品カタログ,00050017,カタログ　ナピーパック,商カ　ナピー
0000,0400,9006,商品カタログ,00050012,カタログ　パイプクール,廃盤
0000,0400,9006,商品カタログ,00050086,カタログ　ピピキャッチ,商カ　キャッチ
0000,0400,9006,商品カタログ,00050008,カタログ　ピピシリーズ,廃盤
0000,0400,9006,商品カタログ,00050018,カタログ　ピピセンサＱ,廃番
0000,0400,9006,商品カタログ,00050014,カタログ　ピピセンサＸ,商カ　Ｘ
0000,0400,9006,商品カタログ,00050090,カタログ　ピピセンサーＶ,商カ　センサＶ
0000,0400,9006,商品カタログ,00050009,カタログ　ピピダリア,廃盤
0000,0400,9006,商品カタログ,00050115,カタログ　フライパトロール,商カ　フラパト
0000,0400,9006,商品カタログ,00050011,カタログ　ボンシリーズ,商カ　ボン
0000,0400,9006,商品カタログ,00050010,カタログ　メンブレン,廃盤
0000,0400,9006,商品カタログ,00050087,カタログ　古紙ダリア,商カ　古紙Ｄ
0000,0400,9006,商品カタログ,00050026,カタログ　社名印刷入り,商カ社名入り
0000,0400,9006,商品カタログ,00050022,カタログ　消臭シャワ,商カ　ハル
0000,0400,9006,商品カタログ,00050096,カタログ　新４Ｋ（Ａ３）,商カ　４ＫＡ３
0000,0400,9006,商品カタログ,00050095,カタログ　新４Ｋ（Ａ４）,商カ　４ＫＡ４
0000,0400,9006,商品カタログ,00050016,カタログ　清流,商カ　清流
0000,0400,9006,商品カタログ,00050085,カタログ　清流Ｊ,商カ　清流Ｊ
0000,0400,9006,商品カタログ,00050023,カタログ　清流Ｖ,商カ　清流Ｖ
0000,0400,9006,商品カタログ,00050006,カタログカバー,カタログカバー
0000,0400,9006,商品カタログ,00050007,カタログ総合,総合カタログ
0000,0400,9006,商品カタログ,00050005,コンセプトガイド,Ｃガイド
0000,0400,9006,商品カタログ,00050025,チラシ,商カ　チラシ
0000,0400,9006,商品カタログ,00050015,チラシ　ピピセンサＸ,廃盤
0000,0400,9006,商品カタログ,00050076,学校用チラシ,商カ　学校用
0000,0500,9000,_,00091002,ＲｔｏＲ　セーフィティフィー,ＡＭ－ＹＳＡ
0000,0500,9000,_,09999900,RtoRフィー,RtoR
0000,0500,9000,_,00090016,コンテスト参加費,コンテスト参加費
0000,0500,9000,_,00090021,スイットシステム構築料,ＳＵＩＴＳＹＳ
0000,0500,9000,_,00090017,デニーズ代行,デニーズ代行
0000,0500,9000,_,00090018,トイザらス代行,トイザらス代行
0000,0500,9000,_,00090024,マック代行,マック代行
0000,0500,9000,_,09999903,ロイヤリティ,ロイヤリティ
0000,0500,9000,_,00090019,安楽亭代行,安楽亭代行
0000,0500,9000,_,00090007,応援手数料,応手
0000,0500,9000,_,00090022,学校用品チャージ,ＡＭ－ＹＧＴ
0000,0500,9000,_,09999901,業務代行料,業務代行料
0000,0500,9000,_,00090033,事務手数料,事務手数料
0000,0500,9000,_,00090025,十光手数料,十光手数料
0000,0500,9000,_,09999902,紹介口座料,紹介口座料
0000,0500,9000,_,00090006,代行手数料,代手
0000,0500,9000,_,00090027,大庄手数料,大庄手数料
0000,0500,9000,_,00090026,大創手数料,大創手数料
0000,0500,9000,_,00090034,仲介手数料,仲介手数料
0000,0500,9001,_,00090030,ショップ会参加費,ショップ会参加費
0000,0500,9001,_,00090031,社長会参加費,社長会参加費
0000,0500,9002,_,00050075,Ｄo SYS ソフト,Ｄo SYS ソフト
0000,0500,9002,_,00050074,Ｄo SYS ハード,Ｄo SYS ハード
0000,0500,9002,_,00050101,ダイナム用作業完了報告書,ＡＭ－ＳＫＨＤ
0000,0500,9002,_,00050004,営業日報,ＡＭ－ＥＮ
0000,0500,9002,営業ツール,00050070,作業完了報告書,ＡＭＥ－ＳＫＨ
0000,0500,9002,_,00050072,取引履歴カード,ＡＭ－ＴＲＣ
0000,0500,9002,_,00050081,集計日報,ＡＭ－ＳＮ
0000,0500,9002,_,00050051,情報管理ファイル,情報管理ファイル
0000,0500,9002,_,00050079,請求伝票(連続１０００入り）,請求伝票(連続)
0000,0500,9002,_,00050071,得意先登録カード,ＡＭ－ＴＴＣ
0000,0500,9002,_,00050002,得意先登録カードＡ,ＡＭ－ＴＴＣＡ
0000,0500,9002,_,00050003,得意先登録カードＢ,ＡＭ－ＴＴＣＢ
0000,0500,9002,_,00050000,売上伝票（手書き）,ＡＭ－ＵＤ
0000,0500,9002,_,00050078,売上伝票(連続１０００入り）,売上伝票(連続)
0000,0500,9002,_,00050073,変更届カード,ＡＭ－ＨＣ
0000,0500,9002,_,00050001,領収伝票（台紙）,ＡＭ－ＲＤ
0000,0500,9002,_,00050080,領収伝票３枚綴り,ＡＭ－ＲＤ３
0000,0500,9004,_,00050050,ビデオ「提案型営業」,提案ビデオ
0000,0500,9004,_,00050082,メンテナンスマニュアル,ＡＭ－ＭＭ
0000,0500,9005,_,00050059,キュロット,キュロット
0000,0500,9005,_,00050058,シャツ　ＬＡＤＹ’Ｓ,シャツ女
0000,0500,9005,_,00050055,シャツ（縞）　ＭＥＮ’Ｓ,シャツ縞男
0000,0500,9005,_,00050057,シャツ長袖（４４４０４）,ＡＭ－０１ＳＨＮ
0000,0500,9005,_,00050056,シャツ半袖（４４４１４）,ＡＭ－０１ＳＨＨ
0000,0500,9005,_,00050054,ブルゾン（オレンジ）,ブルゾン（オレンジ）
0000,0500,9005,_,00050053,ブルゾン女性　白,ＡＭ－ＢＲＷＷ
0000,0500,9005,_,00050100,ブルゾン男性　青,ＡＭ－ＢＲＭＢ
0000,0500,9005,_,00050052,ブルゾン男性　白,ＡＭ－ＢＲＭＷ
0000,0500,9005,_,00050083,厚手ズボン（４０４０２）,ＡＭ－０１ＰＡ
0000,0500,9005,_,00050110,診断ユニフォーム　ズボン,ＡＭ－ＳＺ０１
0000,0500,9005,_,00050111,診断ユニフォーム　ブルゾン,ＡＭ－ＢＲ０１
0000,0500,9005,_,00050112,診断ユニフォーム　長袖シャツ,ＡＭ－ＳＨ０１
0000,0500,9005,_,00050113,診断ユニフォーム　半袖シャツ,ＡＭ－ＳＨ０２
0000,0500,9005,_,00050084,薄手ズボン（４４４０２）,ＡＭ－０１ＰＵ
0000,0500,9007,_,00050033,ＩＳＯ名刺台紙,ＩＳＯ名刺台紙
0000,0500,9007,_,00050060,ショップ認定証,ＡＭ－ＳＡＵ
0000,0500,9007,_,00050034,ロゴ名刺台紙,ロゴ名刺台紙
0000,0500,9007,_,00050037,名刺片面１００,名刺片１００
0000,0500,9007,_,00050038,名刺片面３００,名刺片３００
0000,0500,9007,_,00050035,名刺片面版下,名刺片版
0000,0500,9007,_,00050040,名刺両面 ３００,名刺両３００
0000,0500,9007,_,00050039,名刺両面１００,名刺両１００
0000,0500,9007,_,00050036,名刺両面版下,名刺両版
0000,0500,9008,_,00050041,封筒角１号,角１
0000,0500,9008,_,00050042,封筒角１号版下,角１版下
0000,0500,9008,_,00050043,封筒角２号,角２
0000,0500,9008,_,00050044,封筒角２号版下,角２版下
0000,0500,9008,_,00050045,封筒長３号,長３
0000,0500,9008,_,00050046,封筒長３号窓開,長３窓開
0000,0500,9008,_,00050047,封筒長３号版下,長３版下
0000,0500,9008,_,00050048,封筒長４号,長４
0000,0500,9008,_,00050049,封筒長４号版下,長４版下
0000,0500,9991,_,00090028,研修費,ＡＭ－ＹＫＮ
0000,0500,9991,_,00090032,交通費,交通費
0000,0500,9991,_,00090015,諸経費,諸経費
0000,0500,9991,_,00090029,洗浄費,洗浄費
0000,0500,9991,_,00090010,送料,送料
0000,0500,9998,_,00090011,花子,花子
0000,0500,9998,_,00090013,諸口（ロイなし）,諸口（ロ無）
0000,0500,9998,_,00090023,諸口（ロイ有）,諸口（ロ有）
0000,0500,9998,_,00090014,諸口（非課税）,諸口（非課税）
0000,0500,9998,_,00090012,値引き,値引き
0000,0500,9998,その他,00090040,値引き（非課税）,非課税値引
0000,0500,9998,その他,00090050,直販課税仕入本部調整値引,直販課税仕入
0000,0500,9998,その他,00090051,直販非課税仕入本部調整値引,直販非課仕入調
0000,0500,9998,その他,00090041,非課税国調整売上,非課税売上
0000,0700,9010,_,00060001,アメニティ共済会,ＡＭ－ＫＹ
0000,0700,9011,_,00060000,アメニティ総合保険,ＡＭ－ＳＨ
0000,9991,9992,開発費,00090005,開発,開発費そ他
0100,0000,0122,無香料消臭剤,00011700,メルトラーゼＱ,ＭＱ２００Ｇ
0100,0000,0122,無香料消臭剤,00011706,メルトラーゼＱミニ,ＭＱ－４０ＧＭ
0100,0100,0121,脱臭凝固剤,00011701,ブルークロット,ＭＳＧ－ＢＣ
0101,0000,0420,手動石鹸,00011742,チャイナウェア（高級陶器モデル）,ＡＲ－ＣＨ
0101,0000,0420,リンダ,00011743,ワンタッチクリーナー 2.5Kg*4,ＬＩＮ－ＯＣ
0101,0000,0420,リンダ,00011736,水石鹸　１８Ｌ,ＬＩＮ－ＭＳ
0101,0000,0430,リンダ,00011710,アルパススプレー,ＬＩＮ－ＪＡＲ
0101,0000,0450,中性洗剤,00011751,撥水　ナチュラルウオッシュ,ＰＣ－１０４
0101,0100,0450,リンダ,00011726,エコクリーンＯＨ－３０　空調用,ＬＩＮ－ＯＨ３０
0101,0100,0450,リンダ,00011725,エコクリーンＰＳ－１　空調用　（劇物）,ＬＩＮ－ＰＳ１
0101,0100,0450,リンダ,00011714,オイルキャッチングシート　厨房用,ＬＩＮ－ＯＩＬＣ
0101,0100,0450,リンダ,00011711,オイルトール　１０Ｌ　厨房用,ＬＩＮ－ＯＩＬ
0101,0100,0450,リンダ,00008444,カビクリーナー　４Ｌ×３,ＬＩＮ－ＫＢ
0101,0100,0450,リンダ,00011747,グリラー　１０ｋｇ　厨房用,ＬＩＮ－ＧＲ１０
0101,0100,0450,リンダ,00011748,グリラー　２０ｋｇ　厨房用,ＬＩＮ－ＧＲ２０
0101,0100,0450,リンダ,00011721,シルバーＮ　２０ｋｇ　空調用,ＬＩＮ－ＳＢＮ
0101,0100,0450,リンダ,00011722,シルバー排水中和剤　５ｋｇ×４　空調用,ＬＩＮ－ＳＢＨ
0101,0100,0450,リンダ,00008440,スケールカットＰ　４．５ｋｇ　空調用,ＳＫ－ＣＰ
0101,0100,0450,リンダ,00008441,スケール除去ＳＴ６００　空調用,ＬＩＮ－ＳＴ６００
0101,0100,0450,リンダ,00011744,ニューガラス洗剤Ｃ＆Ｃ　硝子用,ＬＩＮ－ＮＣＣ
0101,0100,0450,リンダ,00008442,ニューバスクリーナー　１８Ｌ,ＬＩＮ－ＮＢＣ
0101,0100,0450,リンダ,00011723,ノアイットＥＬ－５００　空調用,ＬＩＮ－ＥＬ５００
0101,0100,0450,リンダ,00011728,ノアイットＫＯ　空調用,ＬＩＮ－ＮＡＫＯ
0101,0100,0450,リンダ,00011724,ノアイットスーパー３０　空調用,ＬＩＮ－ＮＡ３０
0101,0100,0450,リンダ,00008443,バスクリーナー　　　　１８Ｌ,ＬＩＮ－ＢＣ
0101,0100,0450,リンダ,00011727,ラストール７　空調用,ＬＩＮ－ＬＡ７
0101,0100,0450,リンダ,00011716,ワックス　プロコートⅢ　１８ｋｇ,ＬＩＮ－ＰＣ
0101,0100,0450,リンダ,00011729,苛性ソーダ　２５Ｋｇ,ＬＩＮ－ＳＯ
0101,0100,0450,リンダ,00011715,剥離剤　マックスパワーアルファー,ＬＩＮ－ＭＡＸ
0101,0200,1000,その他,00700522,水質検査,水質検査
0102,0000,0420,ユーホー,00011719,水石鹸サワー　１８Ｌ,ＵＨ－ＭＳ
0102,0000,0420,ユーホー,00011735,水石鹸レモン　１８Ｌ,ＵＨ－ＭＲＥ
0102,0100,0450,ユーホー,00011718,カーペットシャンプー,ＵＨ－ＣＳＰ
0102,0100,0450,ユーホー,00011712,サラクリン　１８Ｌ　厨房用,ＵＨ－ＳＡ
0102,0100,0450,ユーホー,00011717,壁洗剤　１８Ｌ,ＵＨ－Ｋ
0103,0000,0400,自動石鹸,00009809,ＴＳ１０００,ＴＳ１０００
0103,0000,0400,自動石鹸,00009830,サニショットオート,ＵＤ２２００Ｓ
0103,0000,0410,手動石鹸,00009832,サニショットＭＤ２０１ＳＦ（泡用）,ＭＤ２０１Ｆ
0103,0000,0410,手動石鹸,00009831,サニショットプッシュ（液用）,ＭＤ２０１Ｓ
0103,0000,0420,ＴＳ１０００用,00009810,ＴＳ１０００用ＨＳ　シャボネットＦ,ＴＳ１０００－Ｆ
0103,0000,0420,自動石鹸,00009818,ＵＤ１０００用　シャボネットユ・ムＰ５,ＵＤ１０００－Ｐ５
0103,0000,0420,サニショットＡ用,00009815,サニショットＡ用　ウォシュボンＧ,ＵＤ２２００Ｓ－ＵＧ
0103,0000,0420,サニショットＡ用,00009811,サニショットＡ用　シャボネットＦ,ＵＤ２２００Ｓ－Ｆ
0103,0000,0420,サニショットＡ用,00009813,サニショットＡ用　シャボネットユ・ムＳ,ＵＤ２２００Ｓ－ＵＭ
0103,0000,0420,サニショットＦ用,00009817,サニショットＦ用　シャボネットユムＰ５泡（２０１ＳＦ用）,ＭＤ２０１Ｆ－Ｐ５
0103,0000,0420,サニショットＰ用,00009816,サニショットＰ用　ウォシュボンＧ,ＭＤ２０１Ｓ－ＵＧ
0103,0000,0420,サニショットＰ用,00009812,サニショットＰ用　シャボネットＦ,ＭＤ２０１Ｓ－Ｆ
0103,0000,0420,サニショットＰ用,00009814,サニショットＰ用　シャボネットユ・ム,ＭＤ２０１Ｓ－ＵＭ
0104,0300,2001,飛来捕虫機,00011450,フライパトロールセット,ＦＬＹ－Ｈ
0104,0300,2001,フライパトロール用,00011471,フライパトロール用ＵＶランプ,ＦＬＹ－ＬＡ
0104,0300,2001,フライパトロール用,00011470,フライパトロール用粘着紙カートリッジ,ＦＬＹ－Ｃ
0105,0300,2000,殺虫プレート,00011754,吊下型殺虫剤ベーパグリーン　浄化槽用,ＳＰＢＧＮ
0106,0300,2000,殺虫プレート,00011713,殺虫プレートＤＤＶＰ　貯蔵庫用　（劇物）,ＤＤＶＰ
0107,0100,0450,ガラス洗剤,00011372,グランス４８０ＭＬ*１５　硝子用,グランス
0107,0100,0450,_,00009820,グランススプレー　硝子用,ＪＰ－ＧＳ
0108,0100,0450,コーティング剤,00011720,アメニティコート　コーティング,ＡＭ－ＣＯ
0109,0000,0450,研磨布,00011745,ポリネット１２０　衛陶研磨用,ＰＮ１２０
0109,0000,0450,研磨布,00011749,ポリネット２４０　衛陶研磨用,ＰＮ２４０
0110,0000,0420,ハンドソープ,00009807,ＨＡ　５００ｍｌ,ＨＡ－５００
0110,0000,0420,ハンドソープ薬用,00009808,ＨＳ　１．５Ｌ,ＨＳ－１０１Ｙ
0110,0000,0420,ハンドソープ,00009806,ＨＳ　５００ｍｌ,ＨＳ－５００
0110,0000,0420,手動石鹸,00011756,アライップ（泡状）　５００ｍｌ,ＡＲ－ＡＲ
0110,0000,0420,液体石鹸,00011753,アルボース石鹸ＧＮ,ＡＲ－ＧＮ
0110,0000,0420,液体石鹸,00011758,アルボース石鹸液　１８ｋｇ,ＡＲ－ＭＳ
0110,0000,0420,ハンドソープ,00011741,ジェントルローション,ＨＧＬ－５００
0110,0000,0420,ハンドソープ,00011740,ジェントルローション（スコット）,ＨＧＬ－８００
0110,0000,0420,手動石鹸,00011757,ニューアルサクター　１．２ｋｇ,ＡＲ－ＮＡＳ
0110,0000,0420,ハンドソープ薬用,00011733,フローラル　５００ｍｌ,ＨＳ－Ｂ２
0110,0000,0420,ハンドソープ薬用,00011734,ミント　５００ｍｌ,ＨＳ－Ｂ３
0110,0000,0420,ハンドソープ,00011738,モイスチャーソープ,ＡＲ－ＭＳ１８
0110,0000,0420,ハンドソープ,00011739,モイスチャーソープ,ＡＲ－ＭＳ０４
0110,0000,0420,固形石鹸,00011737,薬用アルボースＧ,ＡＲ－ＧＳ
0110,0000,0430,除菌用アルコール,00011707,アルサワー　１７Ｌ,ＡＲＳ－１７
0110,0000,0430,除菌用アルコール,00011709,アルサワー　１Ｌ,ＡＲＳ－０１
0110,0000,0430,除菌用アルコール,00011708,アルサワー　４Ｌ,ＡＲＳ－０４
0111,0000,0450,_,00009819,洗濯石鹸　マルセル粉石鹸,ＳＷ－ＭＫ
0200,0100,0140,無香料消臭剤,00009001,リフレ　パーシング,ＬＦ－ＰＳ
0200,0100,0140,無香料消臭剤,00009000,リフレ　消臭,ＬＦ－ＳＨ
0200,0100,0150,フレグランス,00009019,リフレ　アップル,ＬＦ－ＡＰ
0200,0100,0150,フレグランス,00009011,リフレ　エチュード,ＬＦ－ＥＴ
0200,0100,0150,フレグランス,00009003,リフレ　オレンジ,ＬＦ－ＯＲ
0200,0100,0150,フレグランス,00009017,リフレ　ガーデニアン,ＬＦ－ＧＡ
0200,0100,0150,フレグランス,00009013,リフレ　キンモクセイ,ＬＦ－ＫＩ
0200,0100,0150,フレグランス,00009010,リフレ　グレープ,ＬＦ－ＧＲ
0200,0100,0150,フレグランス,00009008,リフレ　シトラス,ＬＦ－ＣＩ
0200,0100,0150,フレグランス,00009009,リフレ　シトロンソーダ,ＬＦ－ＳＯ
0200,0100,0150,フレグランス,00009018,リフレ　ジャスミン,ＬＦ－ＪＡ
0200,0100,0150,フレグランス,00009006,リフレ　スカッシュ,ＬＦ－ＳＫ
0200,0100,0150,フレグランス,00009020,リフレ　ストロベリー,ＬＦ－ＳＴ
0200,0100,0150,フレグランス,00009002,リフレ　デオドラントハーブ,ＬＦ－ＤＨ
0200,0100,0150,フレグランス,00009007,リフレ　ネーブル,ＬＦ－ＮＢ
0200,0100,0150,フレグランス,00009024,リフレ　ハーバル,ＬＦ－ＨＢ
0200,0100,0150,フレグランス,00009025,リフレ　パッションフルーツ,ＬＦ－ＰＦ
0200,0100,0150,フレグランス,00009014,リフレ　ブーケ,ＬＦ－ＢＵ
0200,0100,0150,フレグランス,00009022,リフレ　フルーティー,ＬＦ－ＦＵ
0200,0100,0150,フレグランス,00009023,リフレ　ミント,ＬＦ－ＭＩ
0200,0100,0150,フレグランス,00009004,リフレ　ライム,ＬＦ－ＬＩ
0200,0100,0150,フレグランス,00009015,リフレ　ラベンダー,ＬＦ－ＬＡ
0200,0100,0150,フレグランス,00009005,リフレ　レマニー,ＬＦ－ＬＥ
0200,0100,0150,フレグランス,00009016,リフレ　ローズ,ＬＦ－ＲＯ
0200,0100,0150,フレグランス,00009021,リフレ　巨峰,ＭＢ－ＫＹ
0200,0100,0150,フレグランス,00009012,リフレ　古都,ＬＦ－ＫＯ
0201,0100,0140,無香料消臭剤,00008529,クイックカット　１０Ｌ,ＨＡＬ－ＱＣ
0201,0100,0140,無香料消臭剤,00008543,吸殻缶回収ボックス用消臭剤,ＨＡＬ－ＣＢＯＸ
0201,0100,0141,噴霧消臭装置,00008527,噴霧消臭器　フルクリーン,ＨＡＬ－ＦＣ
0201,0100,0160,消臭スプレー,00008530,クイック三冠王,ＨＡＬＱＳＡ●
0202,0100,0160,消臭スプレー,00008549,ＧＬミストタイプ詰替液,ＧＬ－０３Ｔ
0202,0100,0160,消臭スプレー,00008547,ＧＬ缶タイプ,ＧＬ－０２
0202,0100,0160,消臭スプレー,00008548,ＧＬ消臭トリガー３００ｍｌ,ＧＬ－０３
0203,0100,0110,森林浴送風器,00008507,全館森林浴消臭装置,ＭＫ－２０
0204,0100,0150,フレグランス,00009032,シャルモン,ＳＬ
0205,0100,0140,無香料消臭剤,00008544,クリーンファースト　２リットル,クリーンファス
0300,0200,0300,自動水栓,00010000,デルマンＶ１,Ｖ－１
0300,0200,0300,自動水栓,00010001,デルマンＶ１０,Ｖ－１０
0300,0200,0300,自動水栓,00010005,デルマン横型グリーン,ＨＲ－５５ＹＧ
0300,0200,0300,自動水栓,00010003,デルマン横型クロム,ＨＲ－５５ＹＳ
0300,0200,0300,自動水栓,00010004,デルマン縦型グリーン,ＨＲ－５５ＴＧ
0300,0200,0300,自動水栓,00010002,デルマン縦型クロム,ＨＲ－５５ＴＳ
0300,0200,0500,混合水栓,00040019,特注ＫＡ－１,ＫＡ－１
0300,0200,0500,混合水栓,00040021,特注ＫＶ－Ｔ,ＫＶ－Ｔ
0300,0200,0500,混合水栓,00040022,特注ＫＶ－Ｘ,ＫＶ－Ｘ
0300,0200,0500,混合水栓,00040020,特注ＫＶ－Ｙ,ＫＶ－Ｙ
0301,0200,0250,大便器自動洗浄器,00009901,センサレットＦ　ＩＮＡＸ,ＳＲ－ＦＸ
0301,0200,0250,大便器自動洗浄器,00009900,センサレットＦ　ＴＯＴＯ,ＳＲ－ＦＴ
0301,0200,0260,センサレット用,00009903,センサレット用　押しボタンパイプ　ＩＮＡＸ,ＳＲ－ＸＢ
0301,0200,0260,センサレット用,00009902,センサレット用　押しボタンパイプ　ＴＯＴＯ,ＳＲ－ＴＢ
0302,0200,0300,自動水栓,00040090,デルオート横型,ＤＥＬ２０Ｓ●
0303,0000,0020,ＴＯＴＯ,00040307,小便器目皿　Ｕ３０７ＣＳＴ　,Ｕ３０７ＣＳＴ
0303,0000,0021,ＴＯＴＯ,00040065,椀付目皿,ＴＨ４５５Ｎ
0303,0000,0021,ＴＯＴＯ,00040014,椀付目皿,ＴＨ４５５
0303,0000,0410,ＴＯＴＯ,00044050,水石鹸入れ操作部　ＴＨＹ４１８,ＴＨＹ４１８
0303,0100,0015,ＴＯＴＯ,00040092,小便器丸目皿　ホワイト,Ｕ３７０ＳＴ
0303,0100,0530,ＴＯＴＯ,00040126,便座　ＴＣＨ１２６,ＴＣＨ１２６
0303,0100,0530,ＴＯＴＯ,00040093,便座　ＴＣＨ１２７　パステルアイボリー,ＴＣＨ１２７
0303,0100,0531,ＴＯＴＯ,00040061,ペーパーホルダー　ＹＨ５２,ＴＯ－ＹＨ５２
0303,0100,0531,ＴＯＴＯ,00040062,ペーパーホルダー　ＹＨ６０Ｒ＃Ｎ１１,ＴＯ－ＹＨ６０
0303,0100,0540,ＴＯＴＯ,00040091,洗面器バックハンガー　ＡＹボルト付,Ｔ９ＲＡＹ
0303,0100,0540,ＴＯＴＯ,00040013,洗面器水栓穴（35径）用ふさぎふた（Ⅰ）,Ａ３３７ＴＭ－Ⅰ
0303,0100,0540,ＴＯＴＯ,00040012,洗面器水栓穴（35径）用ふさぎふた（Ｗ）,Ａ３３７ＴＭ－Ｗ
0303,0200,0200,自動水栓,00009613,オートクリーンＴＥＡ－６１ＧＤ,ＴＥＡ－６１ＧＤ
0303,0200,0500,ＴＯＴＯ,00040008,ＦＶ用洗浄管ＲＭ,Ａ－４００６５
0303,0200,0500,ＴＯＴＯ,00040007,ＦＶ用洗浄管Ｓ,Ａ－４０１２７
0303,0200,0500,ＴＯＴＯ,00040721,クリックシャワヘッド　ＴＨ７２１,ＴＨ７２１
0303,0200,0500,ＴＯＴＯ,00040666,クリックシャワ調圧弁　ＴＨＪ６,ＴＨＪ６
0303,0200,0500,ＴＯＴＯ,00040011,フラッシュバルブ,Ｔ６０Ｓ
0303,0200,0500,スイット,00100600,ボールタップ　７４７ＵＫ１１３,ＵＳＬＴ
0303,0200,0500,ＴＯＴＯ,00044000,自在スパウト　ＴＨ２７５,ＴＨ２７５
0303,0200,0500,ＴＯＴＯ,00044001,自在スパウト　ＴＨＹ２３８＃５４Ｒ,ＴＨＹ２３８
0303,0200,0500,ＴＯＴＯ,00040151,小便器用ＦＶピストンバルブ　Ａ-520,ＦＶ-Ａ５２０
0303,0200,0500,ＴＯＴＯ,00044002,自在スパウト１７０ｍｍ　ＴＯＴＯ　ＴＨＹ２４３Ａ＃Ｎ１１,ＴＨＹ２４３Ａ
0303,0200,0500,ＴＯＴＯ,00044003,自在スパウト２２０ｍｍ　ＴＯＴＯ　ＴＨＹ２４３ＡＬ＃Ｎ１１,ＴＨＹ２４３Ａ
0303,0200,0500,ＴＯＴＯ,00044004,自在スパウト１７０ｍｍ　ＴＯＴＯ　ＴＨＹ２７０Ａ,ＴＨＹ２７０Ａ
0303,0200,0500,ＴＯＴＯ,00044005,自在スパウト３００ｍｍ　ＴＯＴＯ　ＴＨＹ２７０ＡＬＬ,ＴＨＹ２７０
0303,0200,0510,ＴＯＴＯ,00040005,ポップアップガイド,ＴＨ５７９
0303,0200,0510,ＴＯＴＯ,00040000,ポップアップ引棒部,ＴＨ４０６ＮＮ
0303,0200,0510,ＴＯＴＯ,00040001,ポップアップ引棒部,ＴＨ５７８Ｒ
0303,0200,0510,ＴＯＴＯ,00040002,ポップアップ引棒部,ＴＨ５７８－１Ｒ
0303,0200,0510,ＴＯＴＯ,00040003,ポップアップ引棒部,ＴＨ５７８－２Ｒ
0303,0200,0700,スイット,00010500,スイット　ＨＲ２－１３　ＴＯＴＯ,ＨＲ２－１３Ｔ
0303,0200,1010,ＴＯＴＯ,00040009,便座締付工具（短）,便座工具Ｓ
0303,0200,1010,ＴＯＴＯ,00040010,便座締付工具（長）,便座工具Ｌ
0304,0200,0700,スイット,00010510,スイット　ＨＲ２－１３　ＩＮＡＸ,ＨＲ２－１３Ｘ
0305,0100,0530,節電シャワー便座,00040078,便座　シャワンザ,ＳＳ－ＳＺ
0305,0200,0500,吐水パイプ,00010522,ＦＫＬ　　ＰＡ１８Ａ－７６Ｘ４,ＦＫＬ
0305,0200,0500,吐水パイプ,00010521,ＦＫＭ　　ＰＡ１８Ａ７６－Ｘ３,ＦＫＭ
0305,0200,0500,吐水パイプ,00010523,ＦＫＭＳ　ＰＡ２８６Ａ－７６Ｘ３,ＦＫＭＳ
0305,0200,0500,三栄,00047012,オネジ水栓泡沫器　ＰＭ２８－２－１３,ＰＭ２８－２
0305,0200,0500,吐水パイプ,00040066,クリーマ製フレキ ,ＦＫ１／２*５００
0305,0200,0500,三栄,00047020,定流量ソケット　Ｖ７２３Ｆ－１３,Ｖ７２３Ｆ
0305,0200,0500,三栄,00009710,シャワベンリーパイプＰＡ２８５Ａー７６Ｘ,ＰＡ２８５Ａ
0305,0200,0500,三栄,00047016,シャワホース　ＰＳ３０－８６ＴＸＡ－Ｗ,ＰＳ３０－８６
0305,0200,0500,吐水パイプ,00040006,スーパーフレキ４００ｍｍ,ＳＦ４００
0305,0200,0500,三栄,00047000,ストップシャワセット　ＰＳ３０１－ＣＴＡ－ＷＷ,ＰＳ３０１
0305,0200,0500,三栄,00047001,ストップシャワヘッド　ＰＳ３０１－８０Ｘ－Ｗ,ＰＳ３０１
0305,0200,0500,三栄,00047017,節水シャワヘッド　ＰＳ３２９Ｇ－８０Ｘ－Ｗ,ＰＳ３２９Ｇ
0305,0200,0500,三栄,00047019,断熱上向自在パイプ　ＰＡ１６Ｄ－６０Ｘ－１６,ＰＡ１６Ｄ
0305,0200,0500,三栄,00047021,断熱回転パイプ　ＰＡ１３Ｄ－６０Ｘ－１６,ＰＡ１３Ｄ
0305,0200,0500,三栄,00047023,断熱自在パイプ　ＰＡ１０ＪＤ－６０Ｘ－１６,ＰＡ１０ＪＤ
0305,0200,0500,三栄,00047002,低水圧用シャワヘッド　ＰＳ３９０Ｇ－８０ＸＡ－Ｗ,ＰＳ３９０Ｇ
0305,0200,0500,三栄,00047003,パイプアダプタ　ＰＴ３５－２４Ｓ,ＰＴ３５－２４
0305,0200,0500,清流用,00030405,ベンリーカンセット（３００）,ＳＲ－ＢＲＳ
0305,0200,0500,三栄,00047010,泡沫上向自在パイプ　ＰＡ１６ＪＨ－６０Ｘ－１６,ＰＡ１６ＪＨ
0305,0200,0500,三栄,00047022,泡沫上向自在パイプ　ＰＡ１７－ＪＨ６０Ｘ－１６,ＰＡ１７
0305,0200,0500,三栄,00047018,泡沫自在パイプ　ＰＡ１０ＪＨ－６０Ｘ－１６,ＰＡ１０ＪＨ
0305,0200,0500,三栄,00047004,ボールタップ　ＰＶ５３－５Ｘ－１３,ＰＶ５３－５Ｘ
0305,0200,0500,三栄,00047006,ワンタッチレバー　ＰＲ２３０Ｆ－Ｌ,ＰＲ２３０ＦＬ
0305,0200,0500,三栄,00047007,ワンタッチレバー　ＰＲ２３０Ｆ－Ｓ,ＰＲ２３０ＦＳ
0305,0200,0500,三栄,00047011,元口付流し切替シャワ　ＰＭ２５１－１０,ＰＭ２５１
0305,0200,0500,三栄,00047014,元口付流しシャワ　ＰＭ２５－１０,ＰＭ２５－１０
0305,0200,0500,封水陶器皿,00040076,サーモ混合栓Ｋ１８,混合栓Ｋ１８
0305,0200,0500,封水陶器皿,00040077,サーモ混合栓Ｋ１８Ｄ,混合栓Ｋ１８Ｄ
0305,0200,0500,,00047013,サーモ混合栓Ｋ１８０１Ｄ,混合栓Ｋ１８０１Ｄ
0305,0200,0500,三栄,00047009,水栓泡沫器　ＰＭ２８－１３,ＰＭ２８－１３
0305,0200,0500,三栄,00047005,節水コック　ＰＭ２７,ＰＭ２７
0305,0200,0500,三栄,00040015,低水圧用シャワヘッド　ＰＳ３２９－８０Ｘ－Ｗ　,ＰＳ３２９-８０Ｘ
0305,0200,0500,吐水パイプ,00009709,泡沫ツル首,泡沫ツル首
0305,0200,0500,吐水パイプ,00009707,泡沫横型,泡沫横型
0305,0200,0500,吐水パイプ,00009708,泡沫横型上向,泡沫横型上向
0305,0200,0500,三栄,00047015,流し切替シャワ　ＰＭ２５１－１３,ＰＭ２５１
0306,0100,0530,温水洗浄便座,00040069,温水洗浄便座ネオウオッシュⅡ,ＮウオッシュⅡ
0306,0200,0500,吐水パイプ,00010524,ＦＫＬＳ　ＡＯ７５５ＡＭ４００,ＦＫＬＳ
0306,0200,0500,吐水パイプ,00010520,ＦＫＳ　　Ａ０７５４－２４０,ＦＫＳ
0306,0200,0500,カクダイ,00048005,シャワヘッド　３５６４,３５６４
0306,0200,0500,カクダイ,00048002,ホーセンド　５６８－７０１,５６８－７０１
0306,0200,0500,カクダイ,00048003,ホーセンド　５６８－８０１,５６８－８０１
0306,0200,0500,カクダイ,00040016,低水圧用シャワヘッド　３５５４Ｃ,３５５４Ｃ
0306,0200,0500,カクダイ,00040017,低水圧用シャワヘッド　３５５４Ｄ－ＢＫ（ＳＳブラック）,３５５４Ｄ－ＢＫ
0306,0200,0500,カクダイ,00048000,泡沫金具　０７８０Ｋ,０７８０Ｋ
0306,0200,0500,カクダイ,00048006,泡沫金具　２１７１Ｋ,２１７１Ｋ
0306,0200,0500,カクダイ,00048001,万能口金　５６８－１０１,５６８－１０１
0306,0200,0500,カクダイ,00048004,立形万能ボールタップ　６６３２,６６３２
0307,0200,0700,スイット,00010525,スイット　ＰＺＫ２４　ＫＶＫ,ＫＨ
0308,0000,0015,トラップカバー,00008462,トラップカバー黒４０,ＴＣ－４０Ｂ
0308,0000,0015,トラップカバー,00008463,トラップカバー黒５０,ＴＣ－５０Ｂ
0308,0000,0015,トラップカバー,00008460,トラップカバー白４０,ＴＣ－４０Ｗ
0308,0000,0015,トラップカバー,00008461,トラップカバー白５０,ＴＣ－５０Ｗ
0309,0200,0580,浄水装置,00012000,ＥＶディスペンサー,ＥＶＳＤ－５
0309,0200,0580,浄水装置,00012001,ＥＶディスペンサー,ＥＶＳＤ－１０
0309,0200,0580,浄水装置,00012002,ＥＶディスペンサー,ＥＶＳＤ－１５
0309,0200,0580,浄水装置,00012003,ＥＶディスペンサー,ＥＶＳＤ－２０
0309,0200,0580,浄水装置,00012004,ＥＶディスペンサー,ＥＶＳＤ－３０
0310,0200,0700,スイット,00040026,ロータンク節水　ドルフィンＬ,ＤＦ－Ｌ
0310,0200,0700,スイット,00040025,ロータンク節水　ドルフィンＳ,ＤＦ－Ｓ
0311,0200,0700,スイット,00040045,節水シャワ　ＳＳＳバルブ付,ＳＳＳ－ＢＴ
0311,0200,0700,スイット,00040046,節水シャワ　ＳＳＳバルブ無,ＳＳＳ－ＢＮ
0311,0200,0700,スイット,00040068,節水シャワ用角度アダプタ,ＳＳＳ－ＡＤ
0400,0100,0800,ダートルマット,00011207,ダートルマット替マット　ダイアＡ（灰）,ＤＤＩ－ＧＲ
0400,0100,0800,ダートルマット,00011206,ダートルマット替マット　ダイアＢ（茶）,ＤＤＩ－ＢＲ
0400,0100,0800,ダートルマット,00011211,ダートルマット替マット　マーブル（ベージュ）,ＤＭＢ－ＢＥ
0400,0100,0800,ダートルマット,00011210,ダートルマット替マット　マーブル（黄）,ＤＭＢ－ＹＥ
0400,0100,0800,ダートルマット,00011208,ダートルマット替マット　マーブル（灰）,ＤＭＢ－ＧＲ
0400,0100,0800,ダートルマット,00011209,ダートルマット替マット　マーブル（緑）,ＤＭＢ－ＧＮ
0400,0100,0800,ダートルマット,00011204,ダートルマット替マット　モザイクＡ（黄ベース）,ＤＭＺ－ＹＥ
0400,0100,0800,ダートルマット,00011205,ダートルマット替マット　モザイクＢ（緑ベース）,ＤＭＺ－ＧＮ
0400,0100,0800,ダートルマット,00011212,ダートルマット替マット　和風Ａ（灰）,ＤＪＰ－ＧＲ
0400,0100,0800,ダートルマット,00011213,ダートルマット替マット　和風Ｂ（ベージュ）,ＤＪＰ－ＢＥ
0400,0100,0800,ダートルマット,00011200,ダートルマット本体　エクセル（黒）,ＤＭＥ－ＢＫ
0400,0100,0800,ダートルマット,00011201,ダートルマット本体　エクセル（茶）,ＤＭＥ－ＢＲ
0400,0100,0800,ダートルマット,00011202,ダートルマット本体　カスタム（黒）,ＤＭＣ－ＢＫ
0400,0100,0800,ダートルマット,00011203,ダートルマット本体　カスタム（茶）,ＤＭＣ－ＢＲ
0400,0100,0800,ダートルマット,00011216,ダートルマット本体　ポピュラー（ベージュ）,ＤＭＰ－ＢＥ
0400,0100,0800,ダートルマット,00011215,ダートルマット本体　ポピュラー（灰）,ＤＭＰ－ＧＲ
0400,0100,0800,ダートルマット,00011218,ダートルマット本体　洋式用（ベージュ）,ＤＭＷ－ＢＥ
0400,0100,0800,ダートルマット,00011217,ダートルマット本体　洋式用（灰）,ＤＭＷ－ＧＲ
0400,0100,0800,衛生マット,00011214,薄型Ａマット,ＭＴ－Ａ
0401,0100,0531,トイレットペーパー,00011320,グリーンメガロ ４ロール,６５ＭＷ４８Ｒ
0402,0000,0441,ペーパータオル,00011300,エコノミー,ＰＴ－ＥＣ
0402,0000,0441,ペーパータオル,00011302,エコノミー専用ホルダー,ＥＣ－ＳＨ
0402,0000,0441,ペーパータオル,00011338,クリーンテックス　エコノミー白,２００Ｋ４０Ｐ
0402,0000,0441,ペーパータオル,00011337,クリーンテックスタオル２００枚,ＴＭ－ＫＴ
0403,0100,0531,災害非常用,00011503,クインキーパー　鍵,ＱＫ－Ｒ
0403,0100,0531,災害非常用,00011504,クインキーパー　篭,ＱＫ－Ｋ
0403,0100,0531,災害非常用,00011502,クインキーパー本体Ⅰ型,ＱＫ－１
0403,0100,0531,災害非常用,00011501,クインキーパー本体Ⅱ型,ＱＫ－２
0403,0100,0950,災害非常用,00011500,クイントイレ,ＱＫ－ＴＯＩ
0404,0000,0902,便座シート,00011360,マイシート（便座用）100枚入り,ＢＥ－ＭＳ
0405,0100,0531,トイレットペーパー,00011322,ビクトリー,６５Ｍ１００Ｒ
0406,0100,0531,トイレットペーパー,00011321,コアフリー,１３０Ｍ４８Ｒ
0500,0100,1000,ガス検知管,00040087,ガス検知管アンモニア３Ｌ,検知アンモ３Ｌ
0500,0100,1000,_,00040086,ガス検知管用チップホルダー,チップホルダー
0500,0100,1000,_,00040085,ガス濃度測定用気体採取器,ＧＶ－１００ＬＳ
0501,0000,1010,メンテツール,00011601,すみっこブラシ,ＭＴ－ＳＢＲ
0501,0000,1010,メンテツール,00011602,セラミックベラ,ＭＴ－ＳＢ
0502,0100,1000,_,00040088,マルチ環境計測器,ＬＭ－８０００
0503,0000,1010,作業用,00040081,メンテナンスボックス,メンテボックス
0503,0200,1010,_,00040080,ローポンプバッグ,ローポンプバッグ
0504,0200,1010,_,00040041,ローポンプスーパーバッグセット,ローポンプ
0504,0200,1010,_,00040042,ローポンプスーパー用替えパッキン,ローポンパッキン
0505,0200,1010,_,00040037,ロブスターカランレンチ,ＫＴ－２５０
0506,0500,1000,_,00040075,作業看板,作業看板
0507,0200,1000,内視鏡用,00040051,ライトスコープ　インターロックタイプ１ｍ,ＭＳＰＩ－１０００Ⅲ
0507,0200,1000,内視鏡用,00040052,ライトスコープ　インターロックタイプ２ｍ,ＭＳＰＩ－２０００Ⅲ
0507,0200,1000,内視鏡用,00040053,ライトスコープ　インターロックタイプ３ｍ,ＭＳＰＩ－３０００Ⅲ
0507,0200,1000,内視鏡用,00040054,ライトスコープ　フレキシブルタイプ１ｍ,ＭＳＰＳ－１０００Ⅲ
0507,0200,1000,内視鏡用,00040055,ライトスコープ　フレキシブルタイプ２ｍ,ＭＳＰＳ－２０００Ⅲ
0507,0200,1000,内視鏡用,00040056,ライトスコープ　フレキシブルタイプ３ｍ ,ＭＳＰＳ－３０００Ⅲ
0507,0200,1000,内視鏡用,00040058,ライトスコープ用　デジカメアダプタＡ,デジカメＡＤ－Ａ
0507,0200,1000,内視鏡用,00040079,ライトスコープ用　デジタルカメラアダプタ,ＭＤＡ-Ｍ１
0507,0200,1000,内視鏡用,00040059,ライトスコープ用　ハロゲンランプ１００ｗ,ハロゲン１００光源
0507,0200,1000,内視鏡用,00040060,ライトスコープ用　ライトガイド,ライトガイド
0507,0200,1000,内視鏡用,00040057,ライトスコープ用　側視アダプタ,側視ＡＤ
0600,0000,0442,ロールタオル,00200002,ロールタオル　Ｂ－４,Ｂ－４タオル
0600,0000,0442,ロールタオル,00011312,ロールタオル　Ｂ－４,ＲＴ－Ｂ４
0600,0000,0442,ロールタオル,00200001,ロールタオル　Ｂ－４　基本料金,Ｂ－４基本料
0600,0600,0801,その他,00200753,マット洗濯料,マット洗濯料
0600,0600,0801,衛生マット,00200353,足拭きマット　ＡＰ３Ｗ緑４８号,ＡＰ３Ｗ緑４８
0600,0600,0801,衛生マット,00200324,足拭きマット　ＡＰＬ青２１号,ＡＰＬ青２１号
0600,0600,0801,衛生マット,00200322,足拭きマット　ＡＰＬ赤２１号,ＡＰＬ赤２１号
0600,0600,0801,衛生マット,00200323,足拭きマット　ＡＰＬ緑２１号,ＡＰＬ緑２１号
0600,0600,0801,衛生マット,00200314,足拭きマット　ＡＰＭ青１５号,ＡＰＭ青１５号
0600,0600,0801,衛生マット,00200312,足拭きマット　ＡＰＭ赤１５号,ＡＰＭ赤１５号
0600,0600,0801,衛生マット,00200313,足拭きマット　ＡＰＭ緑１５号,ＡＰＭ緑１５号
0600,0600,0801,衛生マット,00200304,足拭きマット　ＡＰＳ青７号,ＡＰＳ青７号
0600,0600,0801,衛生マット,00200302,足拭きマット　ＡＰＳ赤７号,ＡＰＳ赤７号
0600,0600,0801,衛生マット,00200301,足拭きマット　ＡＰＳ白黒７号,ＡＰＳ白黒７
0600,0600,0801,衛生マット,00200303,足拭きマット　ＡＰＳ緑７号,ＡＰＳ緑７号
0600,0600,0801,衛生マット,00200334,足拭きマット　ＡＰＷ青３２号,ＡＰＷ青３２
0600,0600,0801,衛生マット,00200332,足拭きマット　ＡＰＷ赤３２号,ＡＰＷ赤３２
0600,0600,0801,衛生マット,00200333,足拭きマット　ＡＰＷ緑３２号,ＡＰＷ緑３２
0600,0600,0801,衛生マット,00200375,足拭きマット　ＤＭＭグレー１５号,ＤＭＭｸﾞﾚｰ
0600,0600,0801,衛生マット,00200373,足拭きマット　ＤＭＭ青（１５号）,ＤＭＭ青
0600,0600,0801,衛生マット,00200372,足拭きマット　ＤＭＭ緑（１５号）,ＤＭＭ緑
0600,0600,0801,衛生マット,00200365,足拭きマット　ＤＭＳグレー７号,ＤＭＳグレー７
0600,0600,0801,衛生マット,00200363,足拭きマット　ＤＭＳ青（７号）,ＤＭＳ青
0600,0600,0801,衛生マット,00200361,足拭きマット　ＤＭＳ赤７号,ＤＭＳ赤７号
0600,0600,0801,衛生マット,00200362,足拭きマット　ＤＭＳ緑（７号）,ＤＭＳ緑
0600,0600,0801,衛生マット,00200382,足拭きマット　ＤＭＷ緑（３２号）,ＤＭＷ緑
0600,0600,0801,衛生マット,00200411,足拭きマット　ＤＳＭ赤（１５号）,ＤＳＭ赤
0600,0600,0801,衛生マット,00200401,足拭きマット　ＤＳＳ赤７号,ＤＳＳ赤７号
0600,0600,0801,衛生マット,00200402,足拭きマット　ＤＳＳ緑（７号）,ＤＳＳ緑
0600,0600,0801,衛生マット,00200202,足拭きマット　ＧＭＳ白黒（８号）,マットＧＭＳ
0600,0600,0801,衛生マット,00200446,足拭きマット　ＭＭグレー７号,ＭＭグレー７号
0600,0600,0801,衛生マット,00200222,足拭きマット　ＰＳＳ緑（７号）,ＰＳＳ緑
0600,0600,0801,衛生マット,00200261,足拭きマット　ＵＧＳＳ青,ＵＧＳＳ青
0600,0600,0801,衛生マット,00200450,足拭きマット　ハードマット７号,ハードマット７
0600,0600,0803,ダストクロス,02000012,グラッシイＬＧ,ＬＧ
0600,0600,0802,ダストモップ,00011351,ジョイモップ,Ｊ－ＭＯＰ
0600,0600,0803,ダストクロス,00200011,ダストクロス　ＨＬ,クロス　ＨＬ
0600,0600,0803,ダストクロス,00200012,ダストクロス　ＬＧ,クロスＬＧ
0600,0600,0802,ダストモップ,02000104,ハンドモップ,ＭＰＬ
0600,0600,0802,ダストモップ,00200104,ハンドモップ　ＭＰＬ,モップＭＰＬ
0600,0600,0802,ダストモップ,00200145,フロアジョイモップ,ジョイモップ
0600,0600,0802,ダストモップ,00200121,フロアモップ　Ｍ２,モップＭ２
0600,0600,0802,ダストモップ,00200122,フロアモップ　Ｍ３,モップＭ３
0600,0600,0802,ダストモップ,00200123,フロアモップ　Ｍ４,モップＭ４
0600,0600,0802,ダストモップ,00200124,フロアモップ　Ｍ６,モップＭ６
0600,0600,0802,ダストモップ,00200125,フロアモップ　Ｍ９,モップＭ９
0600,0600,0802,ダストモップ,00200129,フロアモップ　リビング,モップリビング
0601,0600,0801,衛生マット,00200501,オリジナルマット　ＡＤＯ,ＡＤＯ
0601,0600,0801,衛生マット,00200500,ニッセイＮＤＬ料,ＮＤＬ料
0602,0600,0802,ダストモップ,00011352,２６０Ｇ　替糸,２６０Ｇ
0603,0600,0802,ダストモップ,00011350,テラモトエコラーグ　モップ,ＤＭ－ＴＥＭ
0604,0000,0450,研磨布,00011731,ミクロス　ブルー　研磨布,ＭＲ－ＢＬ
0604,0000,0450,研磨布,00011730,ミクロス　ホワイト　研磨布,ＭＲ－Ｗ
0700,0000,0440,ジェットタオル,00011402,ジェットタオル　ＪＴ－１６Ｃ　ＷＭ,ＪＴ－１６Ｃ　ＷＭ
0700,0000,0440,ジェットタオル,00011403,ジェットタオル　ＪＴ－１６Ｃ－ＢＭ,ＪＴ－１６Ｃ－ＢＭ
0700,0000,0440,ジェットタオル,00011401,ジェットタオル　ＪＴ－ＳＢ１１６ＥＨ,ＪＴ－ＳＢ１１６ＥＨ
0700,0000,0440,ジェットタオル,00011415,ジェットタオル　ＪＴ－ＳＢ１１６ＧＮ,ＪＴ－ＳＢ１１６ＧＮ
0700,0000,0440,ジェットタオル,00011416,ジェットタオル　ＪＴ－ＳＢ１１６ＧＮ,ＪＴ－ＳＢ１１６ＧＮ
0700,0000,0440,ジェットタオル,00011405,ジェットタオル　専用スタンドＢ,ＪＰ-Ｃ２４ＦＳ-Ｂ
0700,0000,0440,ジェットタオル,00011404,ジェットタオル　専用スタンドＷ,ＪＰ-Ｃ２４ＦＳ-Ｗ
0700,0000,0440,ジェットタオル,00011411,ジェットタオルＭＣ１００用ドレンタンク,Ｍ－４５６３１８０４
0700,0000,0440,ジェットタオル,00011409,ジェットタオルスリム　ＪＴ－１１６Ｃ４,ＪＴ－１１６Ｃ４
0700,0000,0440,ジェットタオル,00011410,ジェットタオルスリム　ＪＴ－２１６ＣＳ４,ＪＴ－２１６ＣＳ４
0700,0000,0440,ジェットタオル,00011413,ジェットタオルヒートスタンド　ＪＰ－１１０ＨＳ２－Ｗ,ＪＰ１１０ＨＳ２－Ｗ
0700,0000,0440,ジェットタオル,00011407,ジェットタオルミニ　ＪＲ－ＭＣ１０７Ｅ,ＪＲ－ＭＣ１０７Ｅ
0700,0000,0440,ジェットタオル,00011406,ジェットタオルミニ　ＪＲ－ＭＣ１５Ａ,ＪＲ－ＭＣ１５Ａ
0700,0000,0440,ジェットタオル,00011408,ジェットタオルミニ　ＪＴ-ＭＣ１１０Ｃ,ＪＴ-ＭＣ１１０Ｃ
0700,0000,0440,ジェットタオル,00011414,ジェットタオル自動ドア連結回路ボックス,ＪＴ－ＡＤＢ
0700,0000,0440,ジェットタオル,00011412,ジェットタオル専用スタンド　ＪＰ－Ｃ２４ＦＳ－Ｗ,ＪＰ－Ｃ２４ＦＳ－Ｗ
0800,0400,9009,_,00040029,アルカリ　単Ⅰ,単Ⅰアル
0800,0400,9009,_,00040031,アルカリ　単Ⅱ,単Ⅱアル
0800,0400,9009,_,00040033,アルカリ　単Ⅲ,単Ⅲアル
0800,0400,9009,_,00040028,マンガン　単Ⅰ,単Ⅰマン
0800,0400,9009,_,00040030,マンガン　単Ⅱ,単Ⅱマン
0800,0400,9009,_,00040032,マンガン　単Ⅲ,単Ⅲマン
0800,0400,9009,_,00040034,リチウム　２ＣＲ５,２ＣＲ５
0800,0400,9009,_,00040035,リチウム　ＣＲＰ２,ＣＲＰ２
0801,0400,0110,森林浴送風器,00040027,両面テープ １Ｍ,両面テープ
0900,9992,9998,_,00050068,トイレキーホルダー,トイレキーホルダー
0900,9992,9998,_,00050064,トイレットバンク,バンク
0900,9992,9998,_,00050067,ものぐさビアーマグ,ビアーマグ
0900,9992,9998,_,00050065,音出しバスルーム,音イレ
0900,9992,9998,_,00050069,男トイレキーホルダー,男キーホルダー
0900,9992,9998,_,00050066,男トイレメモボード,メモボード
9998,0000,0440,エアータオル,00011400,エアータオルＳＢ－１４００,ＳＢ－１４００
9998,0000,0441,ペーパータオル,00011301,フレンドリー,ＰＴ－ＦＲ
9998,0000,0441,ペーパータオル,00011336,ワンダフル　タオル,１００Ｋ６０Ｐ
9998,0100,1000,_,00700100,スタンプ培地　ＥＺ２Ｃ寒天,ＥＺ２Ｃ寒天
9998,0100,9998,カクダイ,00700500,プラスワンレンタル,プラスワン
9998,0200,0700,スイット,00040023,ＷＳ,ＷＳ
9998,0200,0700,スイット,00040024,ピストル,ピストル
9998,0200,1010,_,00040040,工具パッケージ,工具箱
9998,0200,1010,混合水栓,00040044,立カラン用ＫＴＲ－２４,ＫＴＲ－２４
9998,0200,1010,_,00040043,立ちカラン締め１３ｍｍ,ＫＴＲ－１３
9998,0200,9998,_,00040067,１／２キャップ,１／２キャップ
9998,0600,9998,カクダイ,00011370,ゴミ袋　４５Ｌ（１１枚半透明）,ゴミ袋４５Ｌ
9998,0600,9998,カクダイ,00011371,ゴミ袋９０Ｌ（半透明１０枚×１６冊）,ゴミ袋９０Ｌ
9998,9998,9998,ＩＮＡＸ,00040049,ＩＮＡＸ部品,ＩＮＡＸ部品
9998,9998,9998,ＩＮＡＸ,01700002,ＩＮＡＸ部品２　色,記号
9998,9998,9998,ＩＮＡＸ,01700003,ＩＮＡＸ部品３　色,記号
9998,9998,9998,ＩＮＡＸ,01700004,ＩＮＡＸ部品４　色,記号
9998,9998,9998,ＩＮＡＸ,01700005,ＩＮＡＸ部品５　色,記号
9998,9998,9998,ＩＮＡＸ,01700001,ＩＮＡＸ部品名　色,記号
9998,9998,9998,ＴＯＴＯ,00040048,ＴＯＴＯ部品,ＴＯＴＯ部品
9998,9998,9998,ＴＯＴＯ,01000001,ＴＯＴＯ部品名　色,記号
9998,9998,9998,ＴＯＴＯ,01000002,ＴＯＴＯ部品名２　色,記号
9998,9998,9998,ＴＯＴＯ,01000003,ＴＯＴＯ部品名３　色,記号
9998,9998,9998,ＴＯＴＯ,01000004,ＴＯＴＯ部品名４　色,記号
9998,9998,9998,ＴＯＴＯ,01000005,ＴＯＴＯ部品名５　色,記号
9998,9998,9998,カクダイ,00040050,カクダイ部品,カクダイ部品
9998,9998,9998,カクダイ,05900002,カクダイ部品２　色,記号
9998,9998,9998,カクダイ,05900003,カクダイ部品３　色,記号
9998,9998,9998,カクダイ,05900004,カクダイ部品４　色,記号
9998,9998,9998,カクダイ,05900005,カクダイ部品５　色,記号
9998,9998,9998,カクダイ,05900001,カクダイ部品名　色,記号
9998,9998,9998,その他,00010121,空き,空き
9998,9998,9998,_,00800000,空調機,空調機
9998,9998,9998,_,00800001,空調機用消臭剤,空調機消臭剤
9998,9998,9998,その他,00040063,削除,削除
9998,9998,9998,その他,00040064,削除,削除
9998,9998,9998,三栄,00040047,三栄水栓部品,三栄部品
9998,9998,9998,三栄,03000002,三栄水栓部品２　色,記号
9998,9998,9998,三栄,03000003,三栄水栓部品３　色,記号
9998,9998,9998,三栄,03000004,三栄水栓部品４　色,記号
9998,9998,9998,三栄,03000005,三栄水栓部品５　色,記号
9998,9998,9998,三栄,03000001,三栄水栓部品名　色,記号
9998,9998,9998,_,06000000,他社部品,他社部品
