状態,RtoR,シリアル管理,商品コード,Ｍ区分コード,Ｍ区分名,管理区分コード,管理区分名,商品分類コード,商品分類名,商品名,略称,属性区分,商品アルバム,マーク,単位,入数,仕入先コード,仕入先名,販売管理,在庫管理,在庫限り品,発注点,発注単位数,リードタイム,品名変更,課税区分,備考,仕入原価,在庫原価,営業原価,標準価格
有効,なし,なし,100,0,ＡＭ,0,防汚衛生,1,尿石防止剤,ピピダリア　ＤＳＳ３－Ｗ,ＤＳＳ３－Ｗ,製品,,汎用,個,20,1,株式会社アメニティ,有,有,○,30,20,3,変更不可,課税,,480,480,480,1200
有効,なし,なし,,5000,花王,0,防汚衛生,5004,洗剤,花王 かんたんマイペット 4.5L,花王かんたん4.5,商品,,,本,,6006,幸商事株式会社　大阪支店,有,有,,,,,変更可,課税,,980,980,980,1300
有効,なし,なし,,5000,花王,0,防汚衛生,5004,洗剤,花王 マジックリン 除菌＋4.5L,花王ﾏｼﾞｯｸﾘﾝ4.5L,商品,,,本,,6006,幸商事株式会社　大阪支店,有,有,,,,,変更可,課税,,1340,1340,1340,1750
有効,なし,なし,,5000,花王,0,防汚衛生,5004,洗剤,花王 バスマジックリン 4.5L,花王ﾊﾞｽﾏｼﾞｯｸﾘﾝ4.5L,商品,,,本,,6006,幸商事株式会社　大阪支店,有,有,,,,,変更可,課税,,1250,1250,1250,1500
有効,なし,なし,,5000,花王,0,防汚衛生,5004,洗剤,花王 ブリーチBIB 18kg,花王ブリーチ 18㎏,商品,,,缶,,6006,幸商事株式会社　大阪支店,有,有,,,,,変更可,課税,,1720,1720,1720,2200
有効,なし,なし,,5000,花王,0,防汚衛生,420,ハンドソープ,花王 ビオレUハンドソープ 2L,花王ﾋﾞｵﾚﾊﾝﾄﾞｿｰﾌﾟ2L,商品,,,本,,6006,幸商事株式会社　大阪支店,有,有,,,,,変更可,課税,,975,975,975,1300
有効,なし,なし,,5000,花王,0,防汚衛生,5004,洗剤,花王 ビック除菌プラス2.5kg,花王ビック除菌プラス,商品,,,本,,6006,幸商事株式会社　大阪支店,有,有,,,,,変更可,課税,,860,860,860,1120
有効,なし,なし,,5000,花王,0,防汚衛生,420,ハンドソープ,花王 薬用ハンドソープ 4.5L,花王ﾔｸﾖｳﾊﾝﾄﾞｿｰﾌﾟ4.5L,商品,,,本,,6006,幸商事株式会社　大阪支店,有,有,,,,,変更可,課税,,2100,2100,2100,2700
有効,なし,なし,,5000,花王,0,防汚衛生,420,ハンドソープ,花王 C&C（ボトル）800L,花王C&C800L,商品,,,本,,6006,幸商事株式会社　大阪支店,有,有,,,,,変更可,課税,,910,910,910,1200
有効,なし,なし,,5000,花王,0,防汚衛生,420,ハンドソープ,花王 C&C（パウチ）500ml,花王C&Cﾊﾟｳﾁ500ml,商品,,,本,,6006,幸商事株式会社　大阪支店,有,有,,,,,変更可,課税,,420,420,420,630
有効,なし,なし,,5000,花王,0,防汚衛生,420,ハンドソープ,花王 C&C（パウチ）600ml,花王C&Cﾊﾟｳﾁ600ml,商品,,,本,,6006,幸商事株式会社　大阪支店,有,有,,,,,変更可,課税,,560,560,560,750
有効,なし,なし,,5000,花王,0,防汚衛生,5004,洗剤,花王 チェリーナ 4.5L,花王ﾁｪﾘｰﾅ4.5,商品,,,本,,6006,幸商事株式会社　大阪支店,有,有,,,,,変更可,課税,,1040,1040,1040,1300
有効,なし,なし,,5000,花王,0,防汚衛生,450,洗浄剤,花王 パイプハイター　本体 2kg,花王ﾊﾟｲﾌﾟﾊｲﾀｰ　本体 ,商品,,,本,,6006,幸商事株式会社　大阪支店,有,有,,,,,変更可,課税,,495,495,495,700
有効,なし,なし,,5000,花王,0,防汚衛生,450,洗浄剤,花王 パイプハイター 付替用 2kg,花王ﾊﾟｲﾌﾟﾊｲﾀｰ 付替用,商品,,,本,,6006,幸商事株式会社　大阪支店,有,有,,,,,変更可,課税,,354,354,354,500
有効,なし,なし,,5000,花王,0,防汚衛生,5004,洗剤,花王 ファミリーフレッシュ 4.5L,花王FF4.5,商品,,,本,,6006,幸商事株式会社　大阪支店,有,有,,,,,変更可,課税,,1098,1098,1098,1400
有効,なし,なし,,5000,花王,0,防汚衛生,5004,洗剤,花王 ガラスマジックリン詰替用 4.5L,花王Gﾏｼﾞｯｸﾘﾝ詰替4.5,商品,,,個,,6006,幸商事株式会社　大阪支店,有,有,,,,,変更可,課税,,1150,1150,1150,1400
有効,なし,なし,,5000,花王,0,防汚衛生,5004,洗剤,花王 ガラスマジックリン(ｴｱｿﾞｰﾙ) 480L,花王Gﾏｼﾞｯｸﾘﾝｴｱ,商品,,,本,,6006,幸商事株式会社　大阪支店,有,有,,,,,変更可,課税,,260,260,260,320
有効,なし,なし,,5000,花王,0,防汚衛生,450,洗浄剤,花王 キッチンハイター 5㎏,花王ｷｯﾁﾝﾊｲﾀｰ5kg,商品,,,本,,6006,幸商事株式会社　大阪支店,有,有,,,,,変更可,課税,,870,870,870,1100
有効,なし,なし,,5000,花王,0,防汚衛生,450,洗浄剤,花王 キッチンワイドハイター 3.5㎏,花王ｷｯﾁﾝﾜｲﾄﾞﾊｲﾀｰ,商品,,,本,,6006,幸商事株式会社　大阪支店,有,有,,,,,変更可,課税,,1720,1720,1720,2200
有効,なし,なし,,5000,花王,0,防汚衛生,5004,洗剤,花王 液体ビック バイオ酵素 4.5L,花王液体ﾋﾞｯｸ酵素,商品,,,本,,6006,幸商事株式会社　大阪支店,有,有,,,,,変更可,課税,,1870,1870,1870,2610
有効,なし,なし,,5000,花王,0,防汚衛生,5004,洗剤,花王 ビック バイオ酵素 10kg(5kg×2),花王ﾋﾞｯｸﾊﾞｲｵ酵素,商品,,,箱,,6006,幸商事株式会社　大阪支店,有,有,,,,,変更可,課税,,3050,3050,3050,3800
有効,なし,なし,,5000,花王,0,防汚衛生,5004,洗剤,花王 液体ビック 4.5L,花王 液体ﾋﾞｯｸ4.5,商品,,,本,,6006,幸商事株式会社　大阪支店,有,有,,,,,変更可,課税,,1870,1870,1870,2300
有効,なし,なし,,5000,花王,0,防汚衛生,5004,洗剤,花王 モア 4.5L,花王モア4.5,商品,,,本,,6006,幸商事株式会社　大阪支店,有,有,,,,,変更可,課税,,1325,1325,1325,1700
有効,なし,なし,,5000,花王,0,防汚衛生,5004,洗剤,花王 ネオペレックスL #1000 18L,花王ﾈｵﾍﾟﾚｯｸｽ #1000,商品,,,箱,,6006,幸商事株式会社　大阪支店,有,有,,,,,変更可,課税,,2484,2484,2484,3050
有効,なし,なし,,5000,花王,0,防汚衛生,420,ハンドソープ,花王 業務用石鹸 85g,花王業務用石鹸85,商品,,,個,,6006,幸商事株式会社　大阪支店,有,有,,,,,変更可,課税,,40.33,40.33,40.33,55
有効,なし,なし,,5000,花王,0,防汚衛生,5004,洗剤,花王 ソフター 4.5L,花王ソフター4.5,商品,,,本,,6006,幸商事株式会社　大阪支店,有,有,,,,,変更可,課税,,770,770,770,1020
有効,なし,なし,,5000,花王,0,防汚衛生,5004,洗剤,花王 トイレマジックリン強力ｸﾚﾝｻﾞｰ4.5kg,花王ﾄｲﾚM強力ｸﾚﾝｻﾞｰ,商品,,,本,,6006,幸商事株式会社　大阪支店,有,有,,,,,変更可,課税,,980,980,980,1470
有効,なし,なし,,5000,花王,0,防汚衛生,5004,洗剤,花王 トイレマジックリン消臭・洗浄 4.5L,花王ﾄｲﾚﾏｼﾞｯｸﾘﾝ消臭洗浄,商品,,,本,,6006,幸商事株式会社　大阪支店,有,有,,,,,変更可,課税,,1270,1270,1270,1650
有効,なし,なし,,5000,花王,0,防汚衛生,5004,洗剤,花王 ワンダフル 4.5L,花王ﾜﾝﾀﾞﾌﾙ4.5,商品,,,本,,6006,幸商事株式会社　大阪支店,有,有,,,,,変更可,課税,,630,630,630,850
有効,なし,なし,,5000,花王,0,防汚衛生,5004,洗剤,花王 マイペット業務用 4.5L,花王 ﾏｲﾍﾟｯﾄ4.5,商品,,,本,,6006,幸商事株式会社　大阪支店,有,有,,,,,変更可,課税,,889,889,889,1200
有効,なし,なし,,9999,一般,0,防汚衛生,5003,消毒剤,ハンドスキツシュ消毒剤 800ml,ﾊﾝﾄﾞｽｷﾂｼｭ消毒 800ml,商品,,,本,,6006,幸商事株式会社　大阪支店,有,有,,,,,変更可,課税,,725,725,725,900
有効,なし,なし,,9999,一般,0,防汚衛生,5003,消毒剤,ハンドスキッシュ消毒剤 800ml 付替用,ﾊﾝﾄﾞｽｷｯｼｭ消毒 800mｌ,商品,,,本,,6006,幸商事株式会社　大阪支店,有,有,,,,,変更可,課税,,666,666,666,800
有効,なし,なし,,9999,一般,0,防汚衛生,420,ハンドソープ,ソープＥ,ソープＥ,商品,,,個,,6018,KOC株式会社,有,有,,,,,変更可,課税,,330,330,330,600
有効,なし,なし,,9999,一般,0,防汚衛生,420,ハンドソープ,シャボネット 石鹸液 3㎏,ｼｬﾎﾞﾈｯﾄ 3kg,商品,,,個,,6005,株式会社桑名商店,有,有,,,,,変更可,課税,,2950,2950,2950,3800
有効,なし,なし,,9999,一般,0,防汚衛生,420,ハンドソープ,ソープS,ソープS,商品,,,個,,6018,KOC株式会社,有,有,,,,,変更可,課税,,330,330,330,550
有効,なし,なし,,9999,一般,0,防汚衛生,5002,床用ワックス,白馬樹脂ワックス(ブライト-Ⅱ 18L),白馬樹脂ワックス18L,商品,,,缶,,6007,株式会社万立,有,有,,,,,変更可,課税,,7400,7400,7400,15000
有効,なし,なし,,9999,一般,0,防汚衛生,5002,床用ワックス,白馬ワックス エクセル 18L,白馬ﾜｯｸｽｴｸｾﾙ18L,商品,,,缶,,6007,株式会社万立,有,有,,,,,変更可,課税,,12700,12700,12700,33200
有効,なし,なし,,9999,一般,0,防汚衛生,5002,床用ワックス,フィット 18L,フィット18L,商品,,,缶,,6007,株式会社万立,有,有,,,,,変更可,課税,,4900,4900,4900,9000
有効,なし,なし,,9999,一般,0,防汚衛生,5002,床用ワックス,ミラクルトップ　18L,ミラクルトップ　18L,商品,,,箱,,6007,株式会社万立,有,有,,,,,変更可,課税,,19200,19200,19200,21120
有効,なし,なし,,9999,一般,0,防汚衛生,5002,床用ワックス,白馬ワックス M-7（18L）,白馬ﾜｯｸｽM7 18,商品,,,缶,,6007,株式会社万立,有,有,,,,,変更可,課税,,7800,7800,7800,14430
有効,なし,なし,,9999,一般,0,防汚衛生,441,ペーパータオル,タオルペーパー フジエコクリーン,ﾀｵﾙPﾌｼﾞｴｺｸﾘﾝ,商品,,,箱,,6001,大富士製紙株式会社,有,有,,,,,変更可,課税,,3360,3360,3360,6000
有効,なし,なし,,9999,一般,0,防汚衛生,441,ペーパータオル,タオルペーパー フジエコクリーン(バラ）,ﾀｵﾙPﾌｼﾞｴｺｸﾘﾝ,商品,,,ｐ,,6001,大富士製紙株式会社,有,有,,,,,変更可,課税,,84,84,84,150
有効,なし,なし,,9999,一般,0,防汚衛生,441,ペーパータオル,タオルペーパー フジソフト(120枚入),ﾀｵﾙP ﾌｼﾞｿﾌﾄ,商品,,,ｐ,,6001,大富士製紙株式会社,有,有,,,,,変更可,課税,,90,90,90,150
有効,なし,なし,,9999,一般,0,防汚衛生,441,ペーパータオル,タオルペーパー ふじタッチクリ－ン,ﾀｵﾙP ふじタッチ,商品,,,箱,,6001,大富士製紙株式会社,有,有,,,,,変更可,課税,,2850,2850,2850,6000
有効,なし,なし,,9999,一般,0,防汚衛生,441,ペーパータオル,タオルペーパー ふじタッチクリ－ン(バラ）,ﾀｵﾙP ふじタッチ,商品,,,ｐ,,6001,大富士製紙株式会社,有,有,,,,,変更可,課税,,95,95,95,200
有効,なし,なし,,9999,一般,0,防汚衛生,441,ペーパータオル,タオルペーパー Riselite170,ﾀｵﾙP Riselite17,商品,,,箱,,6020,株式会社上野商事,有,有,,,,,変更可,課税,,2760,2760,2760,4000
有効,なし,なし,,9999,一般,0,防汚衛生,441,ペーパータオル,タオルペーパー 更沙,ﾀｵﾙP更沙,商品,,,箱,,6002,滋賀松商株式会社,有,有,,,,,変更可,課税,,1680,1680,1680,2880
有効,なし,なし,,9999,一般,0,防汚衛生,441,ペーパータオル,紙おしぼり　ふわわ,紙おしぼり　ふわわ,商品,,,本,,6002,滋賀松商株式会社,有,有,,,,,変更可,課税,,3,3,3,5
有効,なし,なし,,9999,一般,0,防汚衛生,441,ペーパータオル,紙おしぼり　乳白丸,紙おしぼり　乳白丸,商品,,,箱,,6002,滋賀松商株式会社,有,有,,,,,変更可,課税,,3120,3120,3120,3360
有効,なし,なし,,9999,一般,0,防汚衛生,531,トイレペーパー,トイレットペーパー (ｲﾄﾏﾝｿﾌﾄ110) 60R,ﾄｲﾚPｲﾄﾏﾝｿﾌﾄ 60R,商品,,,箱,,6001,大富士製紙株式会社,有,有,,,,,変更可,課税,,3120,3120,3120,4500
有効,なし,なし,,9999,一般,0,防汚衛生,531,トイレペーパー,トイレットペーパー Bells 150m-48,ﾄｲﾚP Bells,商品,,,箱,,6055,新橋製紙株式会社,有,有,,,,,変更可,課税,,2832,2832,2832,3600
有効,なし,なし,,9999,一般,0,防汚衛生,531,トイレペーパー,トイレットペーパー (ｺｱﾕｰｽｴｺﾉﾐｰ170) 48R,ﾄｲﾚPｺｱﾕｰｽｴｺﾉミｰ,商品,,,箱,,6001,大富士製紙株式会社,有,有,,,,,変更可,課税,,3360,3360,3360,5400
有効,なし,なし,,9999,一般,0,防汚衛生,531,トイレペーパー,トイレットペーパー (12Rﾀﾞﾌﾞﾙ) 12/8 ,ﾄｲﾚP12RW,商品,,,箱,,6001,大富士製紙株式会社,有,有,,,,,変更可,課税,,3000,3000,3000,4600
有効,なし,なし,,9999,一般,0,防汚衛生,531,トイレペーパー,トイレットペーパー ROSE 100m-100,ﾄｲﾚP ROSE,商品,,,箱,,6055,新橋製紙株式会社,有,有,,,,,変更可,課税,,3900,3900,3900,5000
有効,なし,なし,,9999,一般,0,防汚衛生,902,シートペーパー,シートペーパー （スバル）,ｼｰﾄP(ｽﾊﾞﾙ),商品,,,ｐ,,6001,大富士製紙株式会社,有,有,,,,,変更可,課税,,126,126,126,280
有効,なし,なし,,9999,一般,600,ダスト管理,5001,ポリ袋,ポリ袋(0.03㎜厚)45L黒　D41,ﾎﾟﾘ0.03/45L黒,商品,,,箱,,6012,システムポリマー株式会社,有,有,,,,,変更可,課税,,4320,4320,4320,6000
有効,なし,なし,,9999,一般,600,ダスト管理,5001,ポリ袋,ポリ袋（二層式強力） 45L半透明 DH44,ﾎﾟﾘ0.025/45半透,商品,,,箱,,6012,システムポリマー株式会社,有,有,,,,,変更可,課税,,4200,4200,4200,5250
有効,なし,なし,,9999,一般,600,ダスト管理,5001,ポリ袋,ポリ袋（二層式強力） 45L半透明 DＬ443,ﾎﾟﾘ0.015/45半透,商品,,,箱,,6012,システムポリマー株式会社,有,有,,,,,変更可,課税,,3450,3450,3450,4320
有効,なし,なし,,9999,一般,600,ダスト管理,5001,ポリ袋,ポリ袋（二層式強力） 70L半透明 EH74,ﾎﾟﾘ袋二層/ 70半透明,商品,,,箱,,6012,システムポリマー株式会社,有,有,,,,,変更可,課税,,3450,3450,3450,4313
有効,なし,なし,,9999,一般,600,ダスト管理,5001,ポリ袋,ポリ袋（二層式強力） 90L半透明 ＦＨ94,ﾎﾟﾘ袋二層/90半透明,商品,,,箱,,6012,システムポリマー株式会社,有,有,,,,,変更可,課税,,3400,3400,3400,4250
有効,なし,なし,,9999,一般,600,ダスト管理,5001,ポリ袋,業務用くずかごｼｮｰﾄ　G24H,業務用くずかごｼｮｰﾄ,商品,,,箱,,6012,システムポリマー株式会社,有,有,,,,,変更可,課税,,2400,2400,2400,3500
有効,なし,なし,,9999,一般,100,室内管理,150,芳香・消臭,サワデー 詰め替え用,ｻﾜﾃﾞｰ詰替用,商品,,,個,,6021,諸口,有,有,,,,,変更可,課税,,237,237,237,320
有効,なし,なし,,9999,一般,9009,電池,9009,電池,電池ＢＭ１,単Ⅰマンガン,商品,,,個,,6004,日本エンドレス株式会社,有,有,,,,,変更可,課税,,34.1,34.1,34.1,45
有効,なし,なし,,9999,一般,9009,電池,9009,電池,電池ＢＭ２,単Ⅱマンガン,商品,,,個,,6021,諸口,有,有,,,,,変更可,課税,,45,45,45,0
有効,なし,なし,,9999,一般,9009,電池,9009,電池,電池ＢＡ２(2入),単Ⅱアルカリ,商品,,,個,,6021,諸口,有,有,,,,,変更可,課税,,94,94,94,0
有効,なし,なし,,9999,一般,300,害虫管理,2000,殺虫剤,ゴキブリキャップ C1a (15個入),ｺﾞｷﾌﾞﾘｷｬｯﾌﾟC1a,商品,,,箱,,6011,株式会社タニサケ,有,有,,,,,変更可,課税,,780,780,780,1300
有効,なし,なし,,9999,一般,0,防汚衛生,900,便座除菌,ｽﾀｲﾙﾃﾞｺ 便座クリーナー (本体),ｽﾀｲﾙﾃﾞｺ便座ｸﾘｰﾅｰ本体,商品,,,台,,6004,日本エンドレス株式会社,有,有,,,,,変更可,課税,,0,0,0,0
有効,なし,なし,,9999,一般,0,防汚衛生,900,便座除菌,ｽﾀｲﾙﾃﾞｺ 便座クリーナー (カートリッジ),ｽﾀｲﾙ便座ｸﾘ-ﾅ-ｶ-ﾄﾘｯｼﾞ,商品,,,個,,6004,日本エンドレス株式会社,有,有,,,,,変更可,課税,,600,600,600,1200
有効,なし,なし,,9999,一般,0,防汚衛生,420,ハンドソープ,ｽﾀｲﾙﾃﾞｺ 手洗いカートリッジ,ｽﾀｲﾙﾃﾞｺ手洗ｶｰﾄﾘｯｼﾞ,商品,,,個,,6004,日本エンドレス株式会社,有,有,,,,,変更可,課税,,580,580,580,1200
有効,なし,なし,,9999,一般,0,防汚衛生,1010,道工具,シルバーワイパー U (本体),ｼﾙﾊﾞｰﾜｲﾊﾟｰ(本体),商品,,,本,,6005,株式会社桑名商店,有,有,,,,,変更可,課税,,1716,1716,1716,2030
有効,なし,なし,,9999,一般,0,防汚衛生,1010,道工具,シルバーワイパー U (ｽﾍﾟｱｰ),ｼﾙﾊﾞｰﾜｲﾊﾟｰ(ｽﾍﾟｱ),商品,,,個,,6005,株式会社桑名商店,有,有,,,,,変更可,課税,,888,888,888,1110
有効,なし,なし,,9999,一般,9992,その他,5000,その他,ウエスボックス Aタイプ (仕切なし),ｳｴｽﾎﾞｯｸｽA,商品,,,台,,6017,ミズシマ工業株式会社　大阪営業所,無,有,,,,,変更可,課税,,3200,3200,3200,3520
有効,なし,なし,,9999,一般,9992,その他,5000,その他,ウエスボックス Bタイプ (仕切あり),ｳｴｽﾎﾞｯｸｽB,商品,,,台,,6017,ミズシマ工業株式会社　大阪営業所,無,有,,,,,変更可,課税,,3200,3200,3200,3850
有効,なし,なし,,9999,一般,0,防汚衛生,803,ダストクロス,マイクロファイバークロス 30×30cm(5枚入),マイクロファイバー30,商品,,,ｐ,,6012,システムポリマー株式会社,有,有,,,,,変更可,課税,,174,174,174,300
有効,なし,なし,,9999,一般,0,防汚衛生,803,ダストクロス,マイクロファイバークロス 35×35cm(10枚入),マイクロファイバー35,商品,,,ｐ,,6012,システムポリマー株式会社,有,有,,,,,変更可,課税,,535,535,535,700
有効,なし,なし,,9999,一般,0,防汚衛生,803,ダストクロス,マイクロフアイバーふわふわダスター,マイクロふわふわ,商品,,,本,,6012,システムポリマー株式会社,有,有,,,,,変更可,課税,,110,110,110,250
有効,なし,なし,,9999,一般,0,防汚衛生,5004,洗剤,ローヤルカートリッジ,ローヤルカートリッジ,商品,,,個,,6015,株式会社高橋商会,有,有,,,,,変更可,課税,,2000,2000,2000,4000
有効,なし,なし,,9999,一般,0,防汚衛生,5004,洗剤,ローヤル(本体),ローヤル(本体),商品,,,本,,6015,株式会社高橋商会,有,有,,,,,変更可,課税,,2500,2500,2500,3500
有効,なし,なし,,9999,一般,0,防汚衛生,5003,消毒剤,マイセンスボトル 1.5L,マイセンスボトル 1.5,商品,,,本,,6004,日本エンドレス株式会社,有,有,,,,,変更可,課税,,1050,1050,1050,1800
有効,なし,なし,,9999,一般,0,防汚衛生,5003,消毒剤,マイセンス専用カップ (60P),マイセンス専用カップ,商品,,,個,,6004,日本エンドレス株式会社,有,有,,,,,変更可,課税,,0.9,0.9,0.9,2
有効,なし,なし,,9999,一般,100,室内管理,150,芳香・消臭,エフマチック  ピーチ,ｴﾌﾏﾁｯｸ ＦＭ,商品,,,個,,6018,KOC株式会社,有,有,,,,,変更可,課税,,490,490,490,1500
有効,なし,なし,,9999,一般,100,室内管理,150,芳香・消臭,エフマチック  ライムスカッシュ,ｴﾌﾏﾁｯｸ ＦＭ,商品,,,個,,6018,KOC株式会社,有,有,,,,,変更可,課税,,490,490,490,1500
有効,なし,なし,,9999,一般,100,室内管理,150,芳香・消臭,エフマチック  レモンライム,ｴﾌﾏﾁｯｸ ＦＭ,商品,,,個,,6018,KOC株式会社,有,有,,,,,変更可,課税,,490,490,490,1500
有効,あり,なし,,9999,一般,600,ダスト管理,801,衛生マット,マット E11914G　119/142,E11914G,レンタル,,,枚,,6003,クリーンテックス・ジャパン株式会社,有,無,,,,,変更可,課税,,180,180,1800,1800
有効,あり,なし,,9999,一般,600,ダスト管理,802,ダストモップ,白馬モップ(中) ACLM,ACLM,レンタル,,,枚,,6009,山京繊維株式会社,有,無,,,,,変更可,課税,,125,125,550,550
有効,あり,なし,,9999,一般,600,ダスト管理,801,衛生マット,マット AELG,AELG,レンタル,,,枚,,6003,クリーンテックス・ジャパン株式会社,有,無,,,,,変更可,課税,,180,180,900,900
有効,あり,なし,,9999,一般,600,ダスト管理,801,衛生マット,マット AELS,AELS,レンタル,,,枚,,6003,クリーンテックス・ジャパン株式会社,有,無,,,,,変更可,課税,,180,180,1000,1000
有効,あり,なし,,9999,一般,600,ダスト管理,801,衛生マット,マット AELV,AELV,レンタル,,,枚,,6003,クリーンテックス・ジャパン株式会社,有,無,,,,,変更可,課税,,180,180,1100,1100
有効,あり,なし,,9999,一般,600,ダスト管理,801,衛生マット,マット AEMG,AEMG,レンタル,,,枚,,6003,クリーンテックス・ジャパン株式会社,有,無,,,,,変更可,課税,,110,110,500,500
有効,あり,なし,,9999,一般,600,ダスト管理,801,衛生マット,マット AEMS,AEMS,レンタル,,,枚,,6003,クリーンテックス・ジャパン株式会社,有,無,,,,,変更可,課税,,110,110,600,600
有効,あり,なし,,9999,一般,600,ダスト管理,801,衛生マット,マット AEMV,AEMV,レンタル,,,枚,,6003,クリーンテックス・ジャパン株式会社,有,無,,,,,変更可,課税,,110,110,700,700
有効,あり,なし,,9999,一般,600,ダスト管理,801,衛生マット,マット AF1415W　141/156EV,AF1415W,レンタル,,,枚,,6003,クリーンテックス・ジャパン株式会社,有,無,,,,,変更可,課税,,330,330,1200,1200
有効,あり,なし,,9999,一般,600,ダスト管理,801,衛生マット,マット AFLG　150/90,AFLG,レンタル,,,枚,,6003,クリーンテックス・ジャパン株式会社,有,無,,,,,変更可,課税,,180,180,1100,1100
有効,あり,なし,,9999,一般,600,ダスト管理,801,衛生マット,マット AFMG　75/90,AFMG,レンタル,,,枚,,6003,クリーンテックス・ジャパン株式会社,有,無,,,,,変更可,課税,,110,110,550,550
有効,あり,なし,,9999,一般,600,ダスト管理,801,衛生マット,マット AFMW　75/90,AFMW,レンタル,,,枚,,6003,クリーンテックス・ジャパン株式会社,有,無,,,,,変更可,課税,,110,110,550,550
有効,あり,なし,,9999,一般,600,ダスト管理,801,衛生マット,マット AM,AM,レンタル,,,枚,,6003,クリーンテックス・ジャパン株式会社,有,無,,,,,変更可,課税,,180,180,1100,1100
有効,あり,なし,,9999,一般,600,ダスト管理,802,ダストモップ,白馬モップ(小) ASCL,ASCL,レンタル,,,枚,,6009,山京繊維株式会社,有,無,,,,,変更可,課税,,100,100,550,550
有効,あり,なし,,9999,一般,600,ダスト管理,801,衛生マット,マット AUTDML　auﾛｺﾞ90/150,AUTDML,レンタル,,,枚,,6003,クリーンテックス・ジャパン株式会社,有,無,,,,,変更可,課税,,180,180,1500,1500
有効,なし,なし,,9999,一般,600,ダスト管理,801,衛生マット,別注マット洗料　L,BML,道具・他,,,枚,,,,有,無,,,,,変更可,課税,,160,160,800,800
有効,なし,なし,,9999,一般,600,ダスト管理,801,衛生マット,別注マット洗料　M,BMM,道具・他,,,枚,,,,有,無,,,,,変更可,課税,,110,110,600,600
有効,あり,なし,,9999,一般,600,ダスト管理,801,衛生マット,マット C15G　150/150,C15G,レンタル,,,枚,,6003,クリーンテックス・ジャパン株式会社,有,無,,,,,変更可,課税,,180,180,1400,1400
有効,あり,なし,,9999,一般,600,ダスト管理,801,衛生マット,マット C2013G　200/130G,C2013G,レンタル,,,枚,,6003,クリーンテックス・ジャパン株式会社,有,無,,,,,変更可,課税,,390,390,2800,2800
有効,あり,なし,,9999,一般,600,ダスト管理,801,衛生マット,マット C2WG,C2WG,レンタル,,,枚,,6003,クリーンテックス・ジャパン株式会社,有,無,,,,,変更可,課税,,530,530,2400,2400
有効,あり,なし,,9999,一般,600,ダスト管理,801,衛生マット,マット C7018G　70/180,C7018G,レンタル,,,枚,,6003,クリーンテックス・ジャパン株式会社,有,無,,,,,変更可,課税,,170,170,1100,1100
有効,あり,なし,,9999,一般,600,ダスト管理,801,衛生マット,マット C7118G　71/180,C7118G,レンタル,,,枚,,6003,クリーンテックス・ジャパン株式会社,有,無,,,,,変更可,課税,,180,180,1300,1300
有効,あり,なし,,9999,一般,600,ダスト管理,801,衛生マット,マット C7525W　75/250,C7525W,レンタル,,,枚,,6003,クリーンテックス・ジャパン株式会社,有,無,,,,,変更可,課税,,290,290,1500,1500
有効,あり,なし,,9999,一般,600,ダスト管理,801,衛生マット,マット C7590G　75/90ｸﾞﾘｰﾝ,C7590G,レンタル,,,枚,,6003,クリーンテックス・ジャパン株式会社,有,無,,,,,変更可,課税,,110,110,600,600
有効,あり,なし,,9999,一般,600,ダスト管理,801,衛生マット,マット CEMG,CEMG,レンタル,,,枚,,6003,クリーンテックス・ジャパン株式会社,有,無,,,,,変更可,課税,,110,110,800,800
有効,あり,なし,,9999,一般,600,ダスト管理,801,衛生マット,マット CHG,CHG,レンタル,,,枚,,6003,クリーンテックス・ジャパン株式会社,有,無,,,,,変更可,課税,,80,80,600,600
有効,あり,なし,,9999,一般,600,ダスト管理,802,ダストモップ,白馬モップ(大) CL,CL,レンタル,,,枚,,6009,山京繊維株式会社,有,無,,,,,変更可,課税,,140,140,650,650
有効,あり,なし,,9999,一般,600,ダスト管理,801,衛生マット,マット CLG,CLG,レンタル,,,枚,,6003,クリーンテックス・ジャパン株式会社,有,無,,,,,変更可,課税,,180,180,1100,1100
有効,あり,なし,,9999,一般,600,ダスト管理,802,ダストモップ,白馬モップ(特大) CLL,CLL,レンタル,,,枚,,6009,山京繊維株式会社,有,無,,,,,変更可,課税,,190,190,900,900
有効,あり,なし,,9999,一般,600,ダスト管理,802,ダストモップ,白馬モップ(中) CLM,CLM,レンタル,,,枚,,6009,山京繊維株式会社,有,無,,,,,変更可,課税,,125,125,550,550
有効,あり,なし,,9999,一般,600,ダスト管理,801,衛生マット,マット CLN,CLN,レンタル,,,枚,,6003,クリーンテックス・ジャパン株式会社,有,無,,,,,変更可,課税,,180,180,1300,1300
有効,あり,なし,,9999,一般,600,ダスト管理,802,ダストモップ,白馬ミニモップ CLS,CLS,レンタル,,,枚,,6009,山京繊維株式会社,有,無,,,,,変更可,課税,,70,70,550,550
有効,あり,なし,,9999,一般,600,ダスト管理,802,ダストモップ,カーモップ CM,CM,レンタル,,,枚,,6009,山京繊維株式会社,有,無,,,,,変更可,課税,,70,70,500,500
有効,あり,なし,,9999,一般,600,ダスト管理,801,衛生マット,マット CMG,CMG,レンタル,,,枚,,6003,クリーンテックス・ジャパン株式会社,有,無,,,,,変更可,課税,,110,110,600,600
有効,あり,なし,,9999,一般,600,ダスト管理,801,衛生マット,マット CMN,CMN,レンタル,,,枚,,6003,クリーンテックス・ジャパン株式会社,有,無,,,,,変更可,課税,,110,110,700,700
有効,あり,なし,,9999,一般,600,ダスト管理,801,衛生マット,マット CSLG,CSLG,レンタル,,,枚,,6003,クリーンテックス・ジャパン株式会社,有,無,,,,,変更可,課税,,150,150,1000,1000
有効,あり,なし,,9999,一般,600,ダスト管理,801,衛生マット,マット CSLR　80/120,CSLR,レンタル,,,枚,,6003,クリーンテックス・ジャパン株式会社,有,無,,,,,変更可,課税,,150,150,1300,1300
有効,あり,なし,,9999,一般,600,ダスト管理,801,衛生マット,マット CWG,CWG,レンタル,,,枚,,6003,クリーンテックス・ジャパン株式会社,有,無,,,,,変更可,課税,,350,350,2000,2000
有効,あり,なし,,9999,一般,600,ダスト管理,801,衛生マット,マット CXMG,CXMG,レンタル,,,枚,,6003,クリーンテックス・ジャパン株式会社,有,無,,,,,変更可,課税,,110,110,700,700
有効,あり,なし,,9999,一般,600,ダスト管理,801,衛生マット,マット CXMR,CXMR,レンタル,,,枚,,6003,クリーンテックス・ジャパン株式会社,有,無,,,,,変更可,課税,,110,110,700,700
有効,あり,なし,,9999,一般,600,ダスト管理,801,衛生マット,マット CXMW,CXMW,レンタル,,,枚,,6003,クリーンテックス・ジャパン株式会社,有,無,,,,,変更可,課税,,110,110,700,700
有効,あり,なし,,9999,一般,600,ダスト管理,801,衛生マット,マット CXSLR,CXSLR,レンタル,,,枚,,6003,クリーンテックス・ジャパン株式会社,有,無,,,,,変更可,課税,,150,150,1100,1100
有効,あり,なし,,9999,一般,600,ダスト管理,801,衛生マット,マット CXWG,CXWG,レンタル,,,枚,,6003,クリーンテックス・ジャパン株式会社,有,無,,,,,変更可,課税,,350,350,2300,2300
有効,あり,なし,,9999,一般,600,ダスト管理,802,ダストモップ,エレクトロンモップ DM,DM,レンタル,,,本,,6003,クリーンテックス・ジャパン株式会社,有,無,,,,,変更可,課税,,100,100,500,500
有効,あり,なし,,9999,一般,600,ダスト管理,801,衛生マット,ダストラップスパイン　DU1515S　150/150,DU1515S,レンタル,,,枚,,6003,クリーンテックス・ジャパン株式会社,有,無,,,,,変更可,課税,,340,340,3050,3050
有効,あり,なし,,9999,一般,600,ダスト管理,801,衛生マット,ダストラップスパイン　DU1817S　180/170S,DU1817S,レンタル,,,枚,,6003,クリーンテックス・ジャパン株式会社,有,無,,,,,変更可,課税,,460,460,4130,4130
有効,あり,なし,,9999,一般,600,ダスト管理,801,衛生マット,ダストラップクイックドライ　DULDG　90/150ﾀﾞｰｸｸﾞﾚｰ,DULDG,レンタル,,,枚,,6003,クリーンテックス・ジャパン株式会社,有,無,,,,,変更可,課税,,180,180,1000,1000
有効,あり,なし,,9999,一般,600,ダスト管理,801,衛生マット,ダストラップマット　DULS　90/150,DULS,レンタル,,,枚,,6003,クリーンテックス・ジャパン株式会社,有,無,,,,,変更可,課税,,180,180,1800,1800
有効,あり,なし,,9999,一般,600,ダスト管理,801,衛生マット,ダストラップマット　DUMS　90/75,DUMS,レンタル,,,枚,,6003,クリーンテックス・ジャパン株式会社,有,無,,,,,変更可,課税,,110,110,900,900
有効,あり,なし,,9999,一般,600,ダスト管理,801,衛生マット,ダストラップクイックドライ　DUSWDG　120/180ﾀﾞｰｸｸﾞﾚｰ,DUSWDG,レンタル,,,枚,,6003,クリーンテックス・ジャパン株式会社,有,無,,,,,変更可,課税,,300,300,1600,1600
有効,あり,なし,,9999,一般,600,ダスト管理,801,衛生マット,マット E1114G 117.5/140,E1114G,レンタル,,,枚,,6003,クリーンテックス・ジャパン株式会社,有,無,,,,,変更可,課税,,230,230,2000,2000
有効,あり,なし,,9999,一般,600,ダスト管理,801,衛生マット,マット E11586CB　115/86 ｺｺｱﾌﾞﾗｳﾝ,E11586CB,レンタル,,,枚,,6003,クリーンテックス・ジャパン株式会社,有,無,,,,,変更可,課税,,150,150,1100,1100
有効,あり,なし,,9999,一般,600,ダスト管理,801,衛生マット,マット E1210B　123.5/103.5 ｺｺｱﾌﾞﾗｳﾝ,E1210B,レンタル,,,枚,,6003,クリーンテックス・ジャパン株式会社,有,無,,,,,変更可,課税,,190,190,2600,2600
有効,あり,なし,,9999,一般,600,ダスト管理,801,衛生マット,マット E1211S　125.5/110,E1211S,レンタル,,,枚,,6003,クリーンテックス・ジャパン株式会社,有,無,,,,,変更可,課税,,200,200,2200,2200
有効,あり,なし,,9999,一般,600,ダスト管理,801,衛生マット,マット E1218G　120/180,E1218G,レンタル,,,枚,,6003,クリーンテックス・ジャパン株式会社,有,無,,,,,変更可,課税,,300,300,2000,2000
有効,あり,なし,,9999,一般,600,ダスト管理,801,衛生マット,マット E1218S　120/180,E1218S,レンタル,,,枚,,6003,クリーンテックス・ジャパン株式会社,有,無,,,,,変更可,課税,,300,300,2200,2200
有効,あり,なし,,9999,一般,600,ダスト管理,801,衛生マット,マット E121BG　121/106,E121BG,レンタル,,,枚,,6003,クリーンテックス・ジャパン株式会社,有,無,,,,,変更可,課税,,180,180,1600,1600
有効,あり,なし,,9999,一般,600,ダスト管理,801,衛生マット,マット E1236CB　120/360ｺｺｱﾌﾞﾗｳﾝ,E1236CB,レンタル,,,枚,,6003,クリーンテックス・ジャパン株式会社,有,無,,,,,変更可,課税,,650,650,3700,3700
有効,あり,なし,,9999,一般,600,ダスト管理,801,衛生マット,マット E1286G　120/86,E1286G,レンタル,,,枚,,6003,クリーンテックス・ジャパン株式会社,有,無,,,,,変更可,課税,,140,140,1250,1250
有効,あり,なし,,9999,一般,600,ダスト管理,801,衛生マット,マット E1411G　118/141,E1411G,レンタル,,,枚,,6003,クリーンテックス・ジャパン株式会社,有,無,,,,,変更可,課税,,230,230,1750,1750
有効,あり,なし,,9999,一般,600,ダスト管理,801,衛生マット,マット E141S　140/110,E141S,レンタル,,,枚,,6003,クリーンテックス・ジャパン株式会社,有,無,,,,,変更可,課税,,230,230,1850,1850
有効,あり,なし,,9999,一般,600,ダスト管理,801,衛生マット,マット E1510BS　155.5/104ﾌﾞﾗｽ,E1510BS,レンタル,,,枚,,6003,クリーンテックス・ジャパン株式会社,有,無,,,,,変更可,課税,,240,240,1550,1550
有効,あり,なし,,9999,一般,600,ダスト管理,801,衛生マット,マット E1572S　150/720,E1572S,レンタル,,,枚,,6003,クリーンテックス・ジャパン株式会社,有,無,,,,,変更可,課税,,440,440,8450,8450
有効,あり,なし,,9999,一般,600,ダスト管理,801,衛生マット,マット E4061B　40/61ﾌﾞﾗｳﾝ,E4061B,レンタル,,,枚,,6003,クリーンテックス・ジャパン株式会社,有,無,,,,,変更可,課税,,40,40,500,500
有効,あり,なし,,9999,一般,600,ダスト管理,801,衛生マット,マット E4560B　45/60ﾌﾞﾗｳﾝ,E4560B,レンタル,,,枚,,6003,クリーンテックス・ジャパン株式会社,有,無,,,,,変更可,課税,,50,50,600,600
有効,あり,なし,,9999,一般,600,ダスト管理,801,衛生マット,マット E5313S　53/132,E5313S,レンタル,,,枚,,6003,クリーンテックス・ジャパン株式会社,有,無,,,,,変更可,課税,,112,112,700,700
有効,あり,なし,,9999,一般,600,ダスト管理,801,衛生マット,マット E5688S　56/88ｼﾙﾊﾞｰ,E5688S,レンタル,,,枚,,6003,クリーンテックス・ジャパン株式会社,有,無,,,,,変更可,課税,,75,75,500,500
有効,あり,なし,,9999,一般,600,ダスト管理,801,衛生マット,マット E5780S　57/80ｼﾙﾊﾞｰ,E5780S,レンタル,,,枚,,6003,クリーンテックス・ジャパン株式会社,有,無,,,,,変更可,課税,,75,75,500,500
有効,あり,なし,,9999,一般,600,ダスト管理,801,衛生マット,マット E716SH　70/160,E716SH,レンタル,,,枚,,6003,クリーンテックス・ジャパン株式会社,有,無,,,,,変更可,課税,,112,112,900,900
有効,あり,なし,,9999,一般,600,ダスト管理,801,衛生マット,マット E7590S　75/90ｼﾙﾊﾞｰ,E7590S,レンタル,,,枚,,6003,クリーンテックス・ジャパン株式会社,有,無,,,,,変更可,課税,,110,110,600,600
有効,あり,なし,,9999,一般,600,ダスト管理,801,衛生マット,マット E80110S　80/110ｼﾙﾊﾞｰ,E80110S,レンタル,,,枚,,6003,クリーンテックス・ジャパン株式会社,有,無,,,,,変更可,課税,,130,130,1000,1000
有効,あり,なし,,9999,一般,600,ダスト管理,801,衛生マット,マット E80120G　80/120ｸﾞﾘｰﾝ,E80120G,レンタル,,,枚,,6003,クリーンテックス・ジャパン株式会社,有,無,,,,,変更可,課税,,150,150,700,700
有効,あり,なし,,9999,一般,600,ダスト管理,801,衛生マット,マット E9116S　99/116,E9116S,レンタル,,,枚,,6003,クリーンテックス・ジャパン株式会社,有,無,,,,,変更可,課税,,180,180,1300,1300
有効,あり,なし,,9999,一般,600,ダスト管理,801,衛生マット,マット E9714N　97/145,E9714N,レンタル,,,枚,,6003,クリーンテックス・ジャパン株式会社,有,無,,,,,変更可,課税,,220,220,2300,2300
有効,あり,なし,,9999,一般,600,ダスト管理,801,衛生マット,マット EC1012W　108.5/125W ｼﾙﾊﾞｰﾌﾞﾗｯｸ,EC1012W,レンタル,,,枚,,6003,クリーンテックス・ジャパン株式会社,有,無,,,,,変更可,課税,,205,205,1500,1500
有効,あり,なし,,9999,一般,600,ダスト管理,801,衛生マット,マット EC89128R 89.5/128,EC89128R,レンタル,,,枚,,6003,クリーンテックス・ジャパン株式会社,有,無,,,,,変更可,課税,,8417,8417,0,0
有効,あり,なし,,9999,一般,600,ダスト管理,801,衛生マット,マット(別注)ECHOM,ECHOM,レンタル,,,枚,,6003,クリーンテックス・ジャパン株式会社,有,無,,,,,変更可,課税,,110,110,1300,1300
有効,あり,なし,,9999,一般,600,ダスト管理,801,衛生マット,マット ECOSLB 90/120ｺｺｱﾌﾞﾗｳﾝ,ECOSLB,レンタル,,,枚,,6003,クリーンテックス・ジャパン株式会社,有,無,,,,,変更可,課税,,160,160,1200,1200
有効,あり,なし,,9999,一般,600,ダスト管理,801,衛生マット,マット EHB 59/89 ﾌﾞﾗｳﾝ,EHB,レンタル,,,枚,,6003,クリーンテックス・ジャパン株式会社,有,無,,,,,変更可,課税,,80,80,600,600
有効,あり,なし,,9999,一般,600,ダスト管理,801,衛生マット,マット EHG 60/90,EHG,レンタル,,,枚,,6003,クリーンテックス・ジャパン株式会社,有,無,,,,,変更可,課税,,80,80,600,600
有効,あり,なし,,9999,一般,600,ダスト管理,801,衛生マット,マット EHS 60/90,EHS,レンタル,,,枚,,6003,クリーンテックス・ジャパン株式会社,有,無,,,,,変更可,課税,,80,80,600,600
有効,あり,なし,,9999,一般,600,ダスト管理,801,衛生マット,マット EHT 60/90ﾀﾝ,EHT,レンタル,,,枚,,6003,クリーンテックス・ジャパン株式会社,有,無,,,,,変更可,課税,,80,80,600,600
有効,あり,なし,,9999,一般,600,ダスト管理,801,衛生マット,マット ELB 90/150ﾌﾞﾗｳﾝ,ELB,レンタル,,,枚,,6003,クリーンテックス・ジャパン株式会社,有,無,,,,,変更可,課税,,180,180,1100,1100
有効,あり,なし,,9999,一般,600,ダスト管理,801,衛生マット,マット ELLS 90/180,ELLS,レンタル,,,枚,,6003,クリーンテックス・ジャパン株式会社,有,無,,,,,変更可,課税,,240,240,2300,2300
有効,あり,なし,,9999,一般,600,ダスト管理,801,衛生マット,マット ELS,ELS,レンタル,,,枚,,6003,クリーンテックス・ジャパン株式会社,有,無,,,,,変更可,課税,,180,180,1100,1100
有効,あり,なし,,9999,一般,600,ダスト管理,801,衛生マット,マット ELSH 90/150ｼｬﾝﾍﾟｰﾝ,ELSH,レンタル,,,枚,,6003,クリーンテックス・ジャパン株式会社,有,無,,,,,変更可,課税,,180,180,1300,1300
有効,あり,なし,,9999,一般,600,ダスト管理,801,衛生マット,マット EMB 75/90ﾌﾞﾗｳﾝ,EMB,レンタル,,,枚,,6003,クリーンテックス・ジャパン株式会社,有,無,,,,,変更可,課税,,110,110,600,600
有効,あり,なし,,9999,一般,600,ダスト管理,801,衛生マット,マット EMCB 75/90 ｺｺｱﾌﾞﾗｳﾝ,EMCB,レンタル,,,枚,,6003,クリーンテックス・ジャパン株式会社,有,無,,,,,変更可,課税,,110,110,700,700
有効,あり,なし,,9999,一般,600,ダスト管理,801,衛生マット,マット EMG,EMG,レンタル,,,枚,,6003,クリーンテックス・ジャパン株式会社,有,無,,,,,変更可,課税,,110,110,600,600
有効,あり,なし,,9999,一般,600,ダスト管理,801,衛生マット,マット EMK 75/90,EMK,レンタル,,,枚,,6003,クリーンテックス・ジャパン株式会社,有,無,,,,,変更可,課税,,110,110,600,600
有効,あり,なし,,9999,一般,600,ダスト管理,801,衛生マット,マット EMS 75/90,EMS,レンタル,,,枚,,6003,クリーンテックス・ジャパン株式会社,有,無,,,,,変更可,課税,,110,110,600,600
有効,あり,なし,,9999,一般,600,ダスト管理,801,衛生マット,マット EWG,EWG,レンタル,,,枚,,6003,クリーンテックス・ジャパン株式会社,有,無,,,,,変更可,課税,,350,350,2000,2000
有効,あり,なし,,9999,一般,600,ダスト管理,150,芳香・消臭,エフマチック  FM 本体,,レンタル,,,台,,6003,クリーンテックス・ジャパン株式会社,有,無,,,,,変更可,課税,,490,490,1500,1500
有効,あり,なし,,9999,一般,600,ダスト管理,801,衛生マット,マット (G)ELR,GELR,レンタル,,,枚,,6003,クリーンテックス・ジャパン株式会社,有,無,,,,,変更可,課税,,180,180,1300,1300
有効,あり,なし,,9999,一般,600,ダスト管理,801,衛生マット,マット (G)EMR　75/90,GEMR,レンタル,,,枚,,6003,クリーンテックス・ジャパン株式会社,有,無,,,,,変更可,課税,,110,110,700,700
有効,あり,なし,,9999,一般,600,ダスト管理,801,衛生マット,マット GILCB LOW ｺｺｱﾌﾞﾗｳﾝ ﾌﾟﾚｽﾃｰｼﾞ,GILCB,レンタル,,,枚,,6003,クリーンテックス・ジャパン株式会社,有,無,,,,,変更可,課税,,180,180,1400,1400
有効,あり,なし,,9999,一般,600,ダスト管理,801,衛生マット,マット GILECRWN　CROWN,GILECRWN,レンタル,,,枚,,6003,クリーンテックス・ジャパン株式会社,有,無,,,,,変更可,課税,,200,200,2500,2500
有効,あり,なし,,9999,一般,600,ダスト管理,801,衛生マット,マット GILTENK 120/180 天下一品,GILTENK,レンタル,,,枚,,6003,クリーンテックス・ジャパン株式会社,有,無,,,,,変更可,課税,,330,330,1200,1200
有効,あり,なし,,9999,一般,600,ダスト管理,801,衛生マット,マット GSE　75/90,GSE,レンタル,,,枚,,6003,クリーンテックス・ジャパン株式会社,有,無,,,,,変更可,課税,,110,110,800,800
有効,あり,なし,,9999,一般,600,ダスト管理,803,ダストクロス,白馬クロス HC,HC,レンタル,,,ｾｯﾄ,,6008,サン工業用品株式会社,有,無,,,,,変更可,課税,,62,62,400,400
有効,あり,なし,,9999,一般,600,ダスト管理,801,衛生マット,マット HDLB　90/150 ﾌﾞﾗｳﾝ,HDLB,レンタル,,,枚,,6003,クリーンテックス・ジャパン株式会社,有,無,,,,,変更可,課税,,180,180,1300,1300
有効,あり,なし,,9999,一般,600,ダスト管理,801,衛生マット,マット HDMB　75/90　ﾌﾞﾗｳﾝ　,HDMB,レンタル,,,枚,,6003,クリーンテックス・ジャパン株式会社,有,無,,,,,変更可,課税,,110,110,700,700
有効,あり,なし,,9999,一般,600,ダスト管理,801,衛生マット,マット HDSLB　90/120 ﾌﾞﾗｳﾝ,HDSLB,レンタル,,,枚,,6003,クリーンテックス・ジャパン株式会社,有,無,,,,,変更可,課税,,110,110,1100,1100
有効,あり,なし,,9999,一般,600,ダスト管理,802,ダストモップ,ハンドモップ(大) HL,HL,レンタル,,,枚,,6009,山京繊維株式会社,有,無,,,,,変更可,課税,,70,70,600,600
有効,あり,なし,,9999,一般,600,ダスト管理,802,ダストモップ,ハンドモップ(小) HM,HM,レンタル,,,枚,,6009,山京繊維株式会社,有,無,,,,,変更可,課税,,70,70,600,600
有効,あり,なし,,9999,一般,600,ダスト管理,801,衛生マット,マット HMW　75/90 白/黒,HMW,レンタル,,,枚,,6003,クリーンテックス・ジャパン株式会社,有,無,,,,,変更可,課税,,110,110,830,830
有効,あり,なし,,9999,一般,600,ダスト管理,801,衛生マット,マット HRECOTLG　90/150　T柄ｸﾞﾘｰﾝ,HRECOTLG,レンタル,,,枚,,6003,クリーンテックス・ジャパン株式会社,有,無,,,,,変更可,課税,,180,180,1300,1300
有効,あり,なし,,9999,一般,600,ダスト管理,801,衛生マット,マット HRECOTSS　120/180 T柄ｸﾞﾚｰ ,HRECOTSS,レンタル,,,枚,,6003,クリーンテックス・ジャパン株式会社,有,無,,,,,変更可,課税,,330,330,1800,1800
有効,あり,なし,,9999,一般,600,ダスト管理,801,衛生マット,マット HSW　60/90,HSW,レンタル,,,枚,,6003,クリーンテックス・ジャパン株式会社,有,無,,,,,変更可,課税,,90,90,600,600
有効,あり,なし,,9999,一般,600,ダスト管理,801,衛生マット,マット IGAL　伊賀屋,IGAL,レンタル,,,枚,,6004,日本エンドレス株式会社,有,無,,,,,変更可,課税,,180,180,2500,2500
有効,あり,なし,,9999,一般,600,ダスト管理,801,衛生マット,マット JPHIN　ひのぼっこ,JPHIN,レンタル,,,枚,,6004,日本エンドレス株式会社,有,無,,,,,変更可,課税,,160,160,500,500
有効,あり,なし,,9999,一般,600,ダスト管理,801,衛生マット,マット JPM Ami,JPMAMI,レンタル,,,枚,,6004,日本エンドレス株式会社,有,無,,,,,変更可,課税,,110,110,9080,9080
有効,あり,なし,,9999,一般,600,ダスト管理,801,衛生マット,マット JPMGSB 123/105.5 祇園再会ﾋﾞﾙ,JPMGSB,レンタル,,,枚,,6004,日本エンドレス株式会社,有,無,,,,,変更可,課税,,195,195,0,0
有効,あり,なし,,9999,一般,600,ダスト管理,801,衛生マット,マット JPMIKK 75/90 郁佳,JPMIKK,レンタル,,,枚,,6004,日本エンドレス株式会社,有,無,,,,,変更可,課税,,110,110,0,0
有効,あり,なし,,9999,一般,600,ダスト管理,801,衛生マット,マット JPM KIZUNA 89.3/143.1,JPMKN,レンタル,,,枚,,6004,日本エンドレス株式会社,有,無,,,,,変更可,課税,,14128,14128,0,0
有効,あり,なし,,9999,一般,600,ダスト管理,801,衛生マット,マット JPMOMY 大宮薬局,JPMOMY,レンタル,,,枚,,6004,日本エンドレス株式会社,有,無,,,,,変更可,課税,,110,110,400,400
有効,あり,なし,,9999,一般,600,ダスト管理,801,衛生マット,マット JPMUL UN LIMITED 90/150,JPMUL,レンタル,,,枚,,6004,日本エンドレス株式会社,有,無,,,,,変更可,課税,,12813,12813,0,0
有効,あり,なし,,9999,一般,600,ダスト管理,801,衛生マット,マット JPMYL Yoolen 75/90,JPMYL,レンタル,,,枚,,6004,日本エンドレス株式会社,有,無,,,,,変更可,課税,,110,110,400,400
有効,あり,なし,,9999,一般,600,ダスト管理,801,衛生マット,マット KEHB 60/90B 金茶,KEHB,レンタル,,,枚,,6003,クリーンテックス・ジャパン株式会社,有,無,,,,,変更可,課税,,90,90,600,600
有効,あり,なし,,9999,一般,600,ダスト管理,801,衛生マット,マット KELB 90/150B 金茶,KELB,レンタル,,,枚,,6003,クリーンテックス・ジャパン株式会社,有,無,,,,,変更可,課税,,180,180,1100,1100
有効,あり,なし,,9999,一般,600,ダスト管理,801,衛生マット,マット KEMB 75/90B 金茶,KEMB,レンタル,,,枚,,6003,クリーンテックス・ジャパン株式会社,有,無,,,,,変更可,課税,,110,110,700,700
有効,あり,なし,,9999,一般,600,ダスト管理,801,衛生マット,抗菌足さらさらマット 琥珀の爽 KKSK1212,KKSK1212,レンタル,,,枚,,6003,クリーンテックス・ジャパン株式会社,有,無,,,,,変更可,課税,,220,220,1400,1400
有効,あり,なし,,9999,一般,600,ダスト管理,801,衛生マット,抗菌足さらさらマット 琥珀の爽 KKSK1317,KKSK1317,レンタル,,,枚,,6003,クリーンテックス・ジャパン株式会社,有,無,,,,,変更可,課税,,360,360,2000,2000
有効,あり,なし,,9999,一般,600,ダスト管理,801,衛生マット,抗菌足さらさらマット 琥珀の爽 KKSK8315,KKSK8315,レンタル,,,枚,,6003,クリーンテックス・ジャパン株式会社,有,無,,,,,変更可,課税,,190,190,1600,1600
有効,あり,なし,,9999,一般,600,ダスト管理,801,衛生マット,抗菌足さらさらマット 琥珀の爽 KKSKLB90/150ﾍﾞｰｼﾞｭ,KKSKLB,レンタル,,,枚,,6003,クリーンテックス・ジャパン株式会社,有,無,,,,,変更可,課税,,210,210,1200,1200
有効,あり,なし,,9999,一般,600,ダスト管理,801,衛生マット,抗菌足さらさらマット 琥珀の爽 KKSKMB75/90ﾍﾞｰｼﾞｭ,KKSKMB,レンタル,,,枚,,6003,クリーンテックス・ジャパン株式会社,有,無,,,,,変更可,課税,,110,110,0,0
有効,あり,なし,,9999,一般,600,ダスト管理,801,衛生マット,KS ロールタオル（大）基本料 ,KL,レンタル,,,台,,,,有,無,,,,,変更可,課税,,480,480,1000,1000
有効,あり,なし,,9999,一般,600,ダスト管理,801,衛生マット,KM ロールタオル（ミニ）基本料,KM,レンタル,,,台,,,,有,無,,,,,変更可,課税,,400,400,550,550
有効,あり,なし,,9999,一般,600,ダスト管理,801,衛生マット,KS ロールタオル(小）基本料,KS,レンタル,,,台,,,,有,無,,,,,変更可,課税,,250,250,550,550
有効,あり,なし,,9999,一般,600,ダスト管理,801,衛生マット,マット KX1010G 105/105ｸﾞﾘｰﾝ,KX1010G,レンタル,,,枚,,6003,クリーンテックス・ジャパン株式会社,有,無,,,,,変更可,課税,,170,170,1300,1300
有効,あり,なし,,9999,一般,600,ダスト管理,801,衛生マット,マット KX10200G 100/200ｸﾞﾘｰﾝ,KX10200G,レンタル,,,枚,,6003,クリーンテックス・ジャパン株式会社,有,無,,,,,変更可,課税,,300,300,0,0
有効,あり,なし,,9999,一般,600,ダスト管理,801,衛生マット,マット KX1113S 118.5/138 ｼﾙﾊﾞｰ,KX1113S,レンタル,,,枚,,6003,クリーンテックス・ジャパン株式会社,有,無,,,,,変更可,課税,,245,245,1850,1850
有効,あり,なし,,9999,一般,600,ダスト管理,801,衛生マット,マット KX14164G 144/164ｸﾞﾘｰﾝ,KX14164G,レンタル,,,枚,,6003,クリーンテックス・ジャパン株式会社,有,無,,,,,変更可,課税,,360,360,0,0
有効,あり,なし,,9999,一般,600,ダスト管理,801,衛生マット,マット KX1610S 160/108ｼﾙﾊﾞｰ,KX1610S,レンタル,,,枚,,6003,クリーンテックス・ジャパン株式会社,有,無,,,,,変更可,課税,,260,260,1900,1900
有効,あり,なし,,9999,一般,600,ダスト管理,801,衛生マット,マット KX2WG 150/240ｸﾞﾘｰﾝ/黒,KX2WG,レンタル,,,枚,,6003,クリーンテックス・ジャパン株式会社,有,無,,,,,変更可,課税,,410,410,2200,2200
有効,あり,なし,,9999,一般,600,ダスト管理,801,衛生マット,マット KX5490S 54.5/90ｼﾙﾊﾞｰ,KX5490S,レンタル,,,枚,,6003,クリーンテックス・ジャパン株式会社,有,無,,,,,変更可,課税,,80,80,700,700
有効,あり,なし,,9999,一般,600,ダスト管理,801,衛生マット,マット KX89149G 89/149ｸﾞﾘｰﾝ,KX89149G,レンタル,,,枚,,6003,クリーンテックス・ジャパン株式会社,有,無,,,,,変更可,課税,,180,180,1200,1200
有効,あり,なし,,9999,一般,600,ダスト管理,801,衛生マット,マット K99150G 99/150ｸﾞﾘｰﾝ,KX99150G,レンタル,,,枚,,6003,クリーンテックス・ジャパン株式会社,有,無,,,,,変更可,課税,,230,230,0,0
有効,あり,なし,,9999,一般,600,ダスト管理,801,衛生マット,マット KXLG 90/150 緑/黒,KXLG,レンタル,,,枚,,6003,クリーンテックス・ジャパン株式会社,有,無,,,,,変更可,課税,,180,180,1100,1100
有効,あり,なし,,9999,一般,600,ダスト管理,801,衛生マット,マット KXLLG 90/180 ｸﾞﾘｰﾝ/黒,KXLLG,レンタル,,,枚,,6003,クリーンテックス・ジャパン株式会社,有,無,,,,,変更可,課税,,240,240,1600,1600
有効,あり,なし,,9999,一般,600,ダスト管理,801,衛生マット,マット KXLS 90/150ｼﾙﾊﾞｰ ,KXLS,レンタル,,,枚,,6003,クリーンテックス・ジャパン株式会社,有,無,,,,,変更可,課税,,180,180,1300,1300
有効,あり,なし,,9999,一般,600,ダスト管理,801,衛生マット,マット KXMG 75/90 緑/黒,KXMG,レンタル,,,枚,,6003,クリーンテックス・ジャパン株式会社,有,無,,,,,変更可,課税,,110,110,700,700
有効,あり,なし,,9999,一般,600,ダスト管理,801,衛生マット,マット KXMS 75/90 ｼﾙﾊﾞｰ,KXMS,レンタル,,,枚,,6003,クリーンテックス・ジャパン株式会社,有,無,,,,,変更可,課税,,110,110,700,700
有効,あり,なし,,9999,一般,600,ダスト管理,801,衛生マット,マット KXSLG 90/120緑/黒,KXSLG,レンタル,,,枚,,6003,クリーンテックス・ジャパン株式会社,有,無,,,,,変更可,課税,,160,160,1100,1100
有効,あり,なし,,9999,一般,600,ダスト管理,801,衛生マット,マット KXSWG 120/180緑/黒,KXSWG,レンタル,,,枚,,6003,クリーンテックス・ジャパン株式会社,有,無,,,,,変更可,課税,,240,240,1800,1800
有効,あり,なし,,9999,一般,600,ダスト管理,801,衛生マット,マット KXWG 150/180ｸﾞﾘｰﾝ,KXWG,レンタル,,,枚,,6003,クリーンテックス・ジャパン株式会社,有,無,,,,,変更可,課税,,300,300,2200,2200
有効,あり,なし,,9999,一般,600,ダスト管理,801,衛生マット,マット LC2LG 75/240ｸﾞﾘｰﾝ,LC2LG,レンタル,,,枚,,6003,クリーンテックス・ジャパン株式会社,有,無,,,,,変更可,課税,,270,270,1350,1350
有効,あり,なし,,9999,一般,600,ダスト管理,802,ダストモップ,ニューハンドモップ LP,LP,レンタル,,,枚,,6009,山京繊維株式会社,有,無,,,,,変更可,課税,,70,70,400,400
有効,あり,なし,,9999,一般,600,ダスト管理,802,ダストモップ,CLモップ （120㎝）,M12,レンタル,,,枚,,6009,山京繊維株式会社,有,無,,,,,変更可,課税,,190,190,1300,1300
有効,あり,なし,,9999,一般,600,ダスト管理,802,ダストモップ,フロアーモップ(中) MHC,MHC,レンタル,,,枚,,6009,山京繊維株式会社,有,無,,,,,変更可,課税,,70,70,600,600
有効,あり,なし,,9999,一般,600,ダスト管理,802,ダストモップ,光フロアーモップ(大) MLC,MLC,レンタル,,,枚,,6009,山京繊維株式会社,有,無,,,,,変更可,課税,,70,70,650,650
有効,あり,なし,,9999,一般,600,ダスト管理,802,ダストモップ,光フロアーモップ(ﾐﾆ) MMC,MMC,レンタル,,,枚,,6009,山京繊維株式会社,有,無,,,,,変更可,課税,,70,70,500,500
有効,あり,なし,,9999,一般,600,ダスト管理,801,衛生マット,抗菌マット MR121B 120/180,MR121B,レンタル,,,枚,,6003,クリーンテックス・ジャパン株式会社,有,無,,,,,変更可,課税,,300,300,1250,1250
有効,あり,なし,,9999,一般,600,ダスト管理,801,衛生マット,抗菌マット MR9314 93.5×146.6,MR9314,レンタル,,,枚,,6003,クリーンテックス・ジャパン株式会社,有,無,,,,,変更可,課税,,180,180,1800,1800
有効,あり,なし,,9999,一般,600,ダスト管理,801,衛生マット,抗菌マット MRLSB 90/150,MRLSB,レンタル,,,枚,,6003,クリーンテックス・ジャパン株式会社,有,無,,,,,変更可,課税,,180,180,1600,1600
有効,あり,なし,,9999,一般,600,ダスト管理,801,衛生マット,抗菌マット MRMSB 75/90,MRMSB,レンタル,,,枚,,6003,クリーンテックス・ジャパン株式会社,有,無,,,,,変更可,課税,,110,110,900,900
有効,あり,なし,,9999,一般,600,ダスト管理,801,衛生マット,マット N116140S 116/140ｼﾙﾊﾞｰ,N116140S,レンタル,,,枚,,6003,クリーンテックス・ジャパン株式会社,有,無,,,,,変更可,課税,,245,245,1200,1200
有効,あり,なし,,9999,一般,600,ダスト管理,801,衛生マット,マット N1311R 130/160赤,N1311R,レンタル,,,枚,,6003,クリーンテックス・ジャパン株式会社,有,無,,,,,変更可,課税,,320,320,1600,1600
有効,あり,なし,,9999,一般,600,ダスト管理,801,衛生マット,マット N1618S 160/165S ｼﾙﾊﾞｰ,N1618S,レンタル,,,枚,,6003,クリーンテックス・ジャパン株式会社,有,無,,,,,変更可,課税,,400,400,2500,2500
有効,あり,なし,,9999,一般,600,ダスト管理,801,衛生マット,マット N78178(78.5/178.5)S ｼﾙﾊﾞｰ,N78178S,レンタル,,,枚,,6003,クリーンテックス・ジャパン株式会社,有,無,,,,,変更可,課税,,210,210,900,900
有効,あり,なし,,9999,一般,600,ダスト管理,801,衛生マット,マット NB150/240B 茶,NB2WB,レンタル,,,枚,,6003,クリーンテックス・ジャパン株式会社,有,無,,,,,変更可,課税,,400,400,2400,2400
有効,あり,なし,,9999,一般,600,ダスト管理,801,衛生マット,マット NBLB 90/150ﾌﾞﾗｳﾝ,NBLB,レンタル,,,枚,,6003,クリーンテックス・ジャパン株式会社,有,無,,,,,変更可,課税,,180,180,1200,1200
有効,あり,なし,,9999,一般,600,ダスト管理,801,衛生マット,マット NBMB 75/90ﾌﾞﾗｳﾝ,NBMB,レンタル,,,枚,,6003,クリーンテックス・ジャパン株式会社,有,無,,,,,変更可,課税,,110,110,700,700
有効,あり,なし,,9999,一般,600,ダスト管理,801,衛生マット,マット NC081C 80/110ｼﾙﾊﾞｰ,NC081S,レンタル,,,枚,,6003,クリーンテックス・ジャパン株式会社,有,無,,,,,変更可,課税,,130,130,1100,1100
有効,あり,なし,,9999,一般,600,ダスト管理,801,衛生マット,マット NC1214S 120.5/145.5ｼﾙﾊﾞｰ,NC1214S,レンタル,,,枚,,6003,クリーンテックス・ジャパン株式会社,有,無,,,,,変更可,課税,,260,260,1800,1800
有効,あり,なし,,9999,一般,600,ダスト管理,801,衛生マット,マット NC1218W 120/180 白/黒,NC1218W,レンタル,,,枚,,6003,クリーンテックス・ジャパン株式会社,有,無,,,,,変更可,課税,,320,320,1300,1300
有効,あり,なし,,9999,一般,600,ダスト管理,801,衛生マット,マット NC1414W 143/141白/黒,NC1414W,レンタル,,,枚,,6003,クリーンテックス・ジャパン株式会社,有,無,,,,,変更可,課税,,290,290,1600,1600
有効,あり,なし,,9999,一般,600,ダスト管理,801,衛生マット,マット NC1516S 158×160.5ｼﾙﾊﾞｰ,NC1516S,レンタル,,,枚,,6003,クリーンテックス・ジャパン株式会社,有,無,,,,,変更可,課税,,390,390,1850,1850
有効,あり,なし,,9999,一般,600,ダスト管理,801,衛生マット,マット NC1610S 161.5/106.5ｼﾙﾊﾞｰ,NC1610S,レンタル,,,枚,,6003,クリーンテックス・ジャパン株式会社,有,無,,,,,変更可,課税,,260,260,1500,1500
有効,あり,なし,,9999,一般,600,ダスト管理,801,衛生マット,マット NC2560W 25/60 ｸﾞﾚｰ/黒,NC2560W,レンタル,,,枚,,6003,クリーンテックス・ジャパン株式会社,有,無,,,,,変更可,課税,,30,30,400,400
有効,あり,なし,,9999,一般,600,ダスト管理,801,衛生マット,マット NC2WG 180/240緑/黒,NC2WG,レンタル,,,枚,,6003,クリーンテックス・ジャパン株式会社,有,無,,,,,変更可,課税,,530,530,2100,2100
有効,あり,なし,,9999,一般,600,ダスト管理,801,衛生マット,マット NC2WW 150/240白/黒,NC2WW,レンタル,,,枚,,6003,クリーンテックス・ジャパン株式会社,有,無,,,,,変更可,課税,,530,530,2600,2600
有効,あり,なし,,9999,一般,600,ダスト管理,801,衛生マット,マット NC3060W 30/60ｸﾞﾚｰ/黒,NC3060W,レンタル,,,枚,,6003,クリーンテックス・ジャパン株式会社,有,無,,,,,変更可,課税,,30,30,400,400
有効,あり,なし,,9999,一般,600,ダスト管理,801,衛生マット,マット NC5080G 50/180緑/黒,NC50180G,レンタル,,,枚,,6003,クリーンテックス・ジャパン株式会社,有,無,,,,,変更可,課税,,135,135,800,800
有効,あり,なし,,9999,一般,600,ダスト管理,801,衛生マット,マット NC5815G 58/150ｸﾞﾘｰﾝ/黒,NC5815G,レンタル,,,枚,,6003,クリーンテックス・ジャパン株式会社,有,無,,,,,変更可,課税,,140,140,1300,1300
有効,あり,なし,,9999,一般,600,ダスト管理,801,衛生マット,マット NC6580R 65/80R 赤/黒,NC6580R,レンタル,,,枚,,6003,クリーンテックス・ジャパン株式会社,有,無,,,,,変更可,課税,,80,80,400,400
有効,あり,なし,,9999,一般,600,ダスト管理,801,衛生マット,マット NC6580W 65/80グレー,NC6580W,レンタル,,,枚,,6003,クリーンテックス・ジャパン株式会社,有,無,,,,,変更可,課税,,80,80,450,450
有効,あり,なし,,9999,一般,600,ダスト管理,801,衛生マット,マット NC70180G 70/180緑/黒,NC70180G,レンタル,,,枚,,6003,クリーンテックス・ジャパン株式会社,有,無,,,,,変更可,課税,,135,135,900,900
有効,あり,なし,,9999,一般,600,ダスト管理,801,衛生マット,マット NC7524G 750/2400緑/黒,NC7524G,レンタル,,,枚,,6003,クリーンテックス・ジャパン株式会社,有,無,,,,,変更可,課税,,270,270,720,720
有効,あり,なし,,9999,一般,600,ダスト管理,801,衛生マット,マット NC75300G 75/300ｸﾞﾚｰ,NC75300G,レンタル,,,枚,,6003,クリーンテックス・ジャパン株式会社,有,無,,,,,変更可,課税,,340,340,0,0
有効,あり,なし,,9999,一般,600,ダスト管理,801,衛生マット,マット NC7534G 750/3400緑/黒,NC7534G,レンタル,,,枚,,6003,クリーンテックス・ジャパン株式会社,有,無,,,,,変更可,課税,,383,383,900,900
有効,あり,なし,,9999,一般,600,ダスト管理,801,衛生マット,マット NC812W 80/120白/黒,NC812W,レンタル,,,枚,,6003,クリーンテックス・ジャパン株式会社,有,無,,,,,変更可,課税,,98,98,600,600
有効,あり,なし,,9999,一般,600,ダスト管理,801,衛生マット,マット NC817W 845/1725白/黒,NC817W,レンタル,,,枚,,6003,クリーンテックス・ジャパン株式会社,有,無,,,,,変更可,課税,,220,220,1300,1300
有効,あり,なし,,9999,一般,600,ダスト管理,801,衛生マット,マット NC82146W 82/146白/黒,NC82146W,レンタル,,,枚,,6003,クリーンテックス・ジャパン株式会社,有,無,,,,,変更可,課税,,180,180,1100,1100
有効,あり,なし,,9999,一般,600,ダスト管理,801,衛生マット,マット NC87173W 87/173 ｸﾞﾚｰ/黒,NC87173W,レンタル,,,枚,,6003,クリーンテックス・ジャパン株式会社,有,無,,,,,変更可,課税,,150,150,1800,1800
有効,あり,なし,,9999,一般,600,ダスト管理,801,衛生マット,マット NC940W 90/400白/黒,NC940W,レンタル,,,枚,,6003,クリーンテックス・ジャパン株式会社,有,無,,,,,変更可,課税,,540,540,2400,2400
有効,あり,なし,,9999,一般,600,ダスト管理,801,衛生マット,マット NCHG 60/90緑/黒 ,NCHG,レンタル,,,枚,,6003,クリーンテックス・ジャパン株式会社,有,無,,,,,変更可,課税,,90,90,600,600
有効,あり,なし,,9999,一般,600,ダスト管理,801,衛生マット,マット NCHR 60/90赤/黒,NCHR,レンタル,,,枚,,6003,クリーンテックス・ジャパン株式会社,有,無,,,,,変更可,課税,,80,80,500,500
有効,あり,なし,,9999,一般,600,ダスト管理,801,衛生マット,マット NCHW 60/90ｸﾞﾚｰ/黒,NCHW,レンタル,,,枚,,6003,クリーンテックス・ジャパン株式会社,有,無,,,,,変更可,課税,,90,90,600,600
有効,あり,なし,,9999,一般,600,ダスト管理,801,衛生マット,マット NCLG 90/150緑/黒,NCLG,レンタル,,,枚,,6003,クリーンテックス・ジャパン株式会社,有,無,,,,,変更可,課税,,180,180,1300,1300
有効,あり,なし,,9999,一般,600,ダスト管理,801,衛生マット,マット NCLR 90/150赤/黒,NCLR,レンタル,,,枚,,6003,クリーンテックス・ジャパン株式会社,有,無,,,,,変更可,課税,,180,180,1000,1000
有効,あり,なし,,9999,一般,600,ダスト管理,801,衛生マット,マット NCLS 90/150S ｼﾙﾊﾞｰ,NCLS,レンタル,,,枚,,6003,クリーンテックス・ジャパン株式会社,有,無,,,,,変更可,課税,,180,180,1300,1300
有効,あり,なし,,9999,一般,600,ダスト管理,801,衛生マット,マット NCLW 150/90 ｸﾞﾚｰ/黒,NCLW,レンタル,,,枚,,6003,クリーンテックス・ジャパン株式会社,有,無,,,,,変更可,課税,,180,180,1200,1200
有効,あり,なし,,9999,一般,600,ダスト管理,801,衛生マット,マット NCMG 75/90緑/黒,NCMG,レンタル,,,枚,,6003,クリーンテックス・ジャパン株式会社,有,無,,,,,変更可,課税,,110,110,700,700
有効,あり,なし,,9999,一般,600,ダスト管理,801,衛生マット,マット NCMR 75/90赤/黒,NCMR,レンタル,,,枚,,6003,クリーンテックス・ジャパン株式会社,有,無,,,,,変更可,課税,,110,110,700,700
有効,あり,なし,,9999,一般,600,ダスト管理,801,衛生マット,マット NCMW 75/90ｸﾞﾚｰ/黒,NCMW,レンタル,,,枚,,6003,クリーンテックス・ジャパン株式会社,有,無,,,,,変更可,課税,,110,110,600,600
有効,あり,なし,,9999,一般,600,ダスト管理,801,衛生マット,マット NCSLG 90/120緑/黒,NCSLG,レンタル,,,枚,,6003,クリーンテックス・ジャパン株式会社,有,無,,,,,変更可,課税,,110,110,1100,1100
有効,あり,なし,,9999,一般,600,ダスト管理,801,衛生マット,マット NCSLR 90/120赤/黒,NCSLR,レンタル,,,枚,,6003,クリーンテックス・ジャパン株式会社,有,無,,,,,変更可,課税,,1100,1100,1100,1100
有効,あり,なし,,9999,一般,600,ダスト管理,801,衛生マット,マット NCSLS 90/120ｼﾙﾊﾞｰ,NCSLS,レンタル,,,枚,,6003,クリーンテックス・ジャパン株式会社,有,無,,,,,変更可,課税,,160,160,1100,1100
有効,あり,なし,,9999,一般,600,ダスト管理,801,衛生マット,マット NCSLW 90/120白/黒,NCSLW,レンタル,,,枚,,6003,クリーンテックス・ジャパン株式会社,有,無,,,,,変更可,課税,,150,150,900,900
有効,あり,なし,,9999,一般,600,ダスト管理,801,衛生マット,マット NCSWG 120/180緑/黒,NCSWG,レンタル,,,枚,,6003,クリーンテックス・ジャパン株式会社,有,無,,,,,変更可,課税,,0,0,2200,2200
有効,あり,なし,,9999,一般,600,ダスト管理,801,衛生マット,マット NCSWS 120/180ｼﾙﾊﾞｰ,NCSWS,レンタル,,,枚,,6003,クリーンテックス・ジャパン株式会社,有,無,,,,,変更可,課税,,320,320,1800,1800
有効,あり,なし,,9999,一般,600,ダスト管理,801,衛生マット,マット NCSWW 120/180 白/黒,NCSWW,レンタル,,,枚,,6003,クリーンテックス・ジャパン株式会社,有,無,,,,,変更可,課税,,7700,7700,1300,1300
有効,あり,なし,,9999,一般,600,ダスト管理,801,衛生マット,マット NCWG 150/180緑/黒,NCWG,レンタル,,,枚,,6003,クリーンテックス・ジャパン株式会社,有,無,,,,,変更可,課税,,420,420,2400,2400
有効,あり,なし,,9999,一般,600,ダスト管理,801,衛生マット,マット NCWW 150/180白/黒,NCWW,レンタル,,,枚,,6003,クリーンテックス・ジャパン株式会社,有,無,,,,,変更可,課税,,350,350,2000,2000
有効,あり,なし,,9999,一般,600,ダスト管理,801,衛生マット,マット NKWLS 90/150ｸﾞﾚｰ,NKWLS,レンタル,,,枚,,6003,クリーンテックス・ジャパン株式会社,有,無,,,,,変更可,課税,,180,180,1300,1300
有効,あり,なし,,9999,一般,600,ダスト管理,801,衛生マット,マット NKWSLS 90/120ｸﾞﾚｰ,NKWSLS,レンタル,,,枚,,6003,クリーンテックス・ジャパン株式会社,有,無,,,,,変更可,課税,,160,160,1100,1100
有効,あり,なし,,9999,一般,600,ダスト管理,801,衛生マット,マット NLH 90/150ﾍﾞｰｼﾞｭ,NLH,レンタル,,,枚,,6003,クリーンテックス・ジャパン株式会社,有,無,,,,,変更可,課税,,180,180,1300,1300
有効,あり,なし,,9999,一般,600,ダスト管理,801,衛生マット,マット NP11140S 1195/1405ｸﾞﾚｰ,NP11140S,レンタル,,,枚,,6003,クリーンテックス・ジャパン株式会社,有,無,,,,,変更可,課税,,252,252,1400,1400
有効,あり,なし,,9999,一般,600,ダスト管理,801,衛生マット,マット NP11552S 115/520ｼﾙﾊﾞｰ,NP11552S,レンタル,,,枚,,6003,クリーンテックス・ジャパン株式会社,有,無,,,,,変更可,課税,,900,900,4800,4800
有効,あり,なし,,9999,一般,600,ダスト管理,801,衛生マット,マット NP2WS150/240 ｼﾙﾊﾞｰ,NP2WS,レンタル,,,枚,,6003,クリーンテックス・ジャパン株式会社,有,無,,,,,変更可,課税,,1800,1800,2700,2700
有効,あり,なし,,9999,一般,600,ダスト管理,801,衛生マット,マット NP6580S 65/80ｼﾙﾊﾞｰ,NP6580S,レンタル,,,枚,,6003,クリーンテックス・ジャパン株式会社,有,無,,,,,変更可,課税,,80,80,500,500
有効,あり,なし,,9999,一般,600,ダスト管理,801,衛生マット,マット NPHS 65/80ｼﾙﾊﾞｰ,NPHS,レンタル,,,枚,,6003,クリーンテックス・ジャパン株式会社,有,無,,,,,変更可,課税,,80,80,550,550
有効,あり,なし,,9999,一般,600,ダスト管理,801,衛生マット,マット NPLLS 90/180ｸﾞﾚｰ,NPLLS,レンタル,,,枚,,6003,クリーンテックス・ジャパン株式会社,有,無,,,,,変更可,課税,,240,240,1800,1800
有効,あり,なし,,9999,一般,600,ダスト管理,801,衛生マット,マット NPLS 90/150ｸﾞﾚ-,NPLS,レンタル,,,枚,,6003,クリーンテックス・ジャパン株式会社,有,無,,,,,変更可,課税,,180,180,1100,1100
有効,あり,なし,,9999,一般,600,ダスト管理,801,衛生マット,マット NPMSM 75/90ｼﾙﾊﾞｰ (耳無),NPMSM,レンタル,,,枚,,6003,クリーンテックス・ジャパン株式会社,有,無,,,,,変更可,課税,,110,110,700,700
有効,あり,なし,,9999,一般,600,ダスト管理,801,衛生マット,マット NPSWS 120/180S ｸﾞﾚｰ,NPSWS,レンタル,,,枚,,6003,クリーンテックス・ジャパン株式会社,有,無,,,,,変更可,課税,,320,320,1600,1600
有効,あり,なし,,9999,一般,600,ダスト管理,801,衛生マット,マット NPULS 90/150 ｸﾞﾚｰ,NPULS,レンタル,,,枚,,6003,クリーンテックス・ジャパン株式会社,有,無,,,,,変更可,課税,,180,180,1100,1100
有効,あり,なし,,9999,一般,600,ダスト管理,801,衛生マット,マット NPUMS 75/90ﾌﾞﾙｰ,NPUMS,レンタル,,,枚,,6003,クリーンテックス・ジャパン株式会社,有,無,,,,,変更可,課税,,110,110,700,700
有効,あり,なし,,9999,一般,600,ダスト管理,801,衛生マット,マット NPSLS 90/120ｸﾞﾚｰ,NPUSLS,レンタル,,,枚,,6003,クリーンテックス・ジャパン株式会社,有,無,,,,,変更可,課税,,160,160,1100,1100
有効,あり,なし,,9999,一般,600,ダスト管理,801,衛生マット,マット NPWB 150/180ﾌﾞﾙｰ,NPWBL,レンタル,,,枚,,6003,クリーンテックス・ジャパン株式会社,有,無,,,,,変更可,課税,,405,405,2400,2400
有効,あり,なし,,9999,一般,600,ダスト管理,801,衛生マット,マット NPWS 150/180ｼﾙﾊﾞｰ,NPWS,レンタル,,,枚,,6003,クリーンテックス・ジャパン株式会社,有,無,,,,,変更可,課税,,350,350,2200,2200
有効,あり,なし,,9999,一般,600,ダスト管理,801,衛生マット,マット NRICHI　75/90,NRICHI,レンタル,,,枚,,6003,クリーンテックス・ジャパン株式会社,有,無,,,,,変更可,課税,,110,110,400,400
有効,あり,なし,,9999,一般,600,ダスト管理,801,衛生マット,マット NX3890S 38/90ｼﾙﾊﾞｰ,NX03890S,レンタル,,,枚,,6003,クリーンテックス・ジャパン株式会社,有,無,,,,,変更可,課税,,55,55,600,600
有効,あり,なし,,9999,一般,600,ダスト管理,801,衛生マット,マット NX116S 109/161ｼﾙﾊﾞｰ,NX1016S,レンタル,,,枚,,6003,クリーンテックス・ジャパン株式会社,有,無,,,,,変更可,課税,,316,316,1200,1200
有効,あり,なし,,9999,一般,600,ダスト管理,801,衛生マット,マット NX1030S 100/300ｼﾙﾊﾞｰ ,NX1030S,レンタル,,,枚,,6003,クリーンテックス・ジャパン株式会社,有,無,,,,,変更可,課税,,450,450,3500,3500
有効,あり,なし,,9999,一般,600,ダスト管理,801,衛生マット,マット NX1114S 1185/1410ｼﾙﾊﾞｰ,NX1114S,レンタル,,,枚,,6003,クリーンテックス・ジャパン株式会社,有,無,,,,,変更可,課税,,250,250,1500,1500
有効,あり,なし,,9999,一般,600,ダスト管理,801,衛生マット,マット NX1116S 1105/1600ｸﾞﾚｰ,NX1116S,レンタル,,,枚,,6003,クリーンテックス・ジャパン株式会社,有,無,,,,,変更可,課税,,270,270,2400,2400
有効,あり,なし,,9999,一般,600,ダスト管理,801,衛生マット,マット NX1211G 1205/1170緑,NX1211G,レンタル,,,枚,,6003,クリーンテックス・ジャパン株式会社,有,無,,,,,変更可,課税,,230,230,1500,1500
有効,あり,なし,,9999,一般,600,ダスト管理,801,衛生マット,マット NX1218R 120/180赤,NX1218R,レンタル,,,枚,,6003,クリーンテックス・ジャパン株式会社,有,無,,,,,変更可,課税,,320,320,1600,1600
有効,あり,なし,,9999,一般,600,ダスト管理,801,衛生マット,マット NX1314S 139/141.5ｼﾙﾊﾞｰ,NX1314S,レンタル,,,枚,,6003,クリーンテックス・ジャパン株式会社,有,無,,,,,変更可,課税,,295,295,1800,1800
有効,あり,なし,,9999,一般,600,ダスト管理,801,衛生マット,マット NX14141S 141/141ｼﾙﾊﾞｰ,NX14141S,レンタル,,,枚,,6003,クリーンテックス・ジャパン株式会社,有,無,,,,,変更可,課税,,300,300,1800,1800
有効,あり,なし,,9999,一般,600,ダスト管理,801,衛生マット,マット NX14146S 146/1467ｼﾙﾊﾞｰ,NX14146S,レンタル,,,枚,,6003,クリーンテックス・ジャパン株式会社,有,無,,,,,変更可,課税,,220,220,1500,1500
有効,あり,なし,,9999,一般,600,ダスト管理,801,衛生マット,マット NX1422S 145/220ｼﾙﾊﾞ-,NX1422S,レンタル,,,枚,,6003,クリーンテックス・ジャパン株式会社,有,無,,,,,変更可,課税,,350,350,2100,2100
有効,あり,なし,,9999,一般,600,ダスト管理,801,衛生マット,マット NX1423S 142.5/232ｼﾙﾊﾞｰ,NX1423S,レンタル,,,枚,,6003,クリーンテックス・ジャパン株式会社,有,無,,,,,変更可,課税,,495,495,4400,4400
有効,あり,なし,,9999,一般,600,ダスト管理,801,衛生マット,マット NX14316S 143/160ｼﾙﾊﾞｰ,NX14316S,レンタル,,,枚,,6003,クリーンテックス・ジャパン株式会社,有,無,,,,,変更可,課税,,347,347,2450,2450
有効,あり,なし,,9999,一般,600,ダスト管理,801,衛生マット,マット NX1510S 158/105ｼﾙﾊﾞｰ,NX1510S,レンタル,,,枚,,6003,クリーンテックス・ジャパン株式会社,有,無,,,,,変更可,課税,,250,250,1500,1500
有効,あり,なし,,9999,一般,600,ダスト管理,801,衛生マット,マット NX1517R 158/178R /B,NX1517R,レンタル,,,枚,,6003,クリーンテックス・ジャパン株式会社,有,無,,,,,変更可,課税,,420,420,2400,2400
有効,あり,なし,,9999,一般,600,ダスト管理,801,衛生マット,マット NX1524G 150/240ｸﾞﾘｰﾝ,NX1524G,レンタル,,,枚,,6003,クリーンテックス・ジャパン株式会社,有,無,,,,,変更可,課税,,540,540,1800,1800
有効,あり,なし,,9999,一般,600,ダスト管理,801,衛生マット,マット NX158105 158/105ｼﾙﾊﾞｰ,NX158105,レンタル,,,枚,,6003,クリーンテックス・ジャパン株式会社,有,無,,,,,変更可,課税,,250,250,1800,1800
有効,あり,なし,,9999,一般,600,ダスト管理,801,衛生マット,マット NX1618R 165/180R/B,NX1618R,レンタル,,,枚,,6003,クリーンテックス・ジャパン株式会社,有,無,,,,,変更可,課税,,450,450,1700,1700
有効,あり,なし,,9999,一般,600,ダスト管理,801,衛生マット,マット NX1718R 170/180R/B,NX1718R,レンタル,,,枚,,6003,クリーンテックス・ジャパン株式会社,有,無,,,,,変更可,課税,,460,460,1700,1700
有効,あり,なし,,9999,一般,600,ダスト管理,801,衛生マット,マット NX2WS 150/240 ｼﾙﾊﾞ-,NX2WS,レンタル,,,枚,,6003,クリーンテックス・ジャパン株式会社,有,無,,,,,変更可,課税,,410,410,2200,2200
有効,あり,なし,,9999,一般,600,ダスト管理,801,衛生マット,マット NX427S 40/270ｼﾙﾊﾞｰ,NX427S,レンタル,,,枚,,6003,クリーンテックス・ジャパン株式会社,有,無,,,,,変更可,課税,,140,140,1200,1200
有効,あり,なし,,9999,一般,600,ダスト管理,801,衛生マット,マット NX4590S 45/90ｼﾙﾊﾞｰ,NX4590S,レンタル,,,枚,,6003,クリーンテックス・ジャパン株式会社,有,無,,,,,変更可,課税,,60,60,600,600
有効,あり,なし,,9999,一般,600,ダスト管理,801,衛生マット,マット NX511R 50/116赤,NX511R,レンタル,,,枚,,6003,クリーンテックス・ジャパン株式会社,有,無,,,,,変更可,課税,,90,90,1000,1000
有効,あり,なし,,9999,一般,600,ダスト管理,801,衛生マット,マット NX515R 50/150赤,NX515R,レンタル,,,枚,,6003,クリーンテックス・ジャパン株式会社,有,無,,,,,変更可,課税,,120,120,1200,1200
有効,あり,なし,,9999,一般,600,ダスト管理,801,衛生マット,マット NX6137S 61/375ｼﾙﾊﾞｰ,NX6137S,レンタル,,,枚,,6003,クリーンテックス・ジャパン株式会社,有,無,,,,,変更可,課税,,350,350,850,850
有効,あり,なし,,9999,一般,600,ダスト管理,801,衛生マット,マット NX6480S 64/180ｼﾙﾊﾞｰ,NX6480S,レンタル,,,枚,,6003,クリーンテックス・ジャパン株式会社,有,無,,,,,変更可,課税,,170,170,800,800
有効,あり,なし,,9999,一般,600,ダスト管理,801,衛生マット,マット NX70238S 70/238ｼﾙﾊﾞｰ,NX70238S,レンタル,,,枚,,6003,クリーンテックス・ジャパン株式会社,有,無,,,,,変更可,課税,,250,250,1700,1700
有効,あり,なし,,9999,一般,600,ダスト管理,801,衛生マット,マット NX718G 70/180G,NX718G,レンタル,,,枚,,6003,クリーンテックス・ジャパン株式会社,有,無,,,,,変更可,課税,,190,190,1200,1200
有効,あり,なし,,9999,一般,600,ダスト管理,801,衛生マット,マット NX721S 70/210ｼﾙﾊﾞｰ,NX721S,レンタル,,,枚,,6003,クリーンテックス・ジャパン株式会社,有,無,,,,,変更可,課税,,220,220,1400,1400
有効,あり,なし,,9999,一般,600,ダスト管理,801,衛生マット,マット NX75160G 75/160ｸﾞﾘｰﾝ,NX75160G,レンタル,,,枚,,6003,クリーンテックス・ジャパン株式会社,有,無,,,,,変更可,課税,,180,180,900,900
有効,あり,なし,,9999,一般,600,ダスト管理,801,衛生マット,マット NX75180G 75/180 ｸﾞﾘｰﾝ,NX75180G,レンタル,,,枚,,6003,クリーンテックス・ジャパン株式会社,有,無,,,,,変更可,課税,,203,203,900,900
有効,あり,なし,,9999,一般,600,ダスト管理,801,衛生マット,マット NX75180R　75/180赤,NX75180R,レンタル,,,枚,,6003,クリーンテックス・ジャパン株式会社,有,無,,,,,変更可,課税,,203,203,900,900
有効,あり,なし,,9999,一般,600,ダスト管理,801,衛生マット,マット NX75180S　75/180ｼﾙﾊﾞｰ,NX75180S,レンタル,,,枚,,6003,クリーンテックス・ジャパン株式会社,有,無,,,,,変更可,課税,,203,203,1050,1050
有効,あり,なし,,9999,一般,600,ダスト管理,801,衛生マット,マット NX88140S 88/140ｼﾙﾊﾞｰ,NX88140S,レンタル,,,枚,,6003,クリーンテックス・ジャパン株式会社,有,無,,,,,変更可,課税,,8670,8670,0,0
有効,あり,なし,,9999,一般,600,ダスト管理,801,衛生マット,マット NX8827S　88/270ｼﾙﾊﾞｰ,NX8827S,レンタル,,,枚,,6003,クリーンテックス・ジャパン株式会社,有,無,,,,,変更可,課税,,360,360,1700,1700
有効,あり,なし,,9999,一般,600,ダスト管理,801,衛生マット,マット NX924G　90/240ｸﾞﾘｰﾝ,NX924G,レンタル,,,枚,,6003,クリーンテックス・ジャパン株式会社,有,無,,,,,変更可,課税,,330,330,1600,1600
有効,あり,なし,,9999,一般,600,ダスト管理,801,衛生マット,マット NX9300S　90/300ｼﾙﾊﾞｰ,NX9300S,レンタル,,,枚,,6003,クリーンテックス・ジャパン株式会社,有,無,,,,,変更可,課税,,405,405,1550,1550
有効,あり,なし,,9999,一般,600,ダスト管理,801,衛生マット,マット NX9314S 93.5/140.5ｼﾙﾊﾞｰ,NX9314S,レンタル,,,枚,,6003,クリーンテックス・ジャパン株式会社,有,無,,,,,変更可,課税,,200,200,600,600
有効,あり,なし,,9999,一般,600,ダスト管理,801,衛生マット,マット NX94144S　94/114ｼﾙﾊﾞ-,NX94144S,レンタル,,,枚,,6003,クリーンテックス・ジャパン株式会社,有,無,,,,,変更可,課税,,160,160,900,900
有効,あり,なし,,9999,一般,600,ダスト管理,801,衛生マット,マット NXHG　60/90ｸﾞﾘｰﾝ,NXHG,レンタル,,,枚,,6003,クリーンテックス・ジャパン株式会社,有,無,,,,,変更可,課税,,90,90,600,600
有効,あり,なし,,9999,一般,600,ダスト管理,801,衛生マット,マット NXHR　60/90赤,NXHR,レンタル,,,枚,,6003,クリーンテックス・ジャパン株式会社,有,無,,,,,変更可,課税,,90,90,700,700
有効,あり,なし,,9999,一般,600,ダスト管理,801,衛生マット,マット NXHS　60/90ｼﾙﾊﾞｰ,NXHS,レンタル,,,枚,,6003,クリーンテックス・ジャパン株式会社,有,無,,,,,変更可,課税,,81,81,500,500
有効,あり,なし,,9999,一般,600,ダスト管理,801,衛生マット,マット NXLG　90/150ｸﾞﾘｰﾝ,NXLG,レンタル,,,枚,,6003,クリーンテックス・ジャパン株式会社,有,無,,,,,変更可,課税,,180,180,1100,1100
有効,あり,なし,,9999,一般,600,ダスト管理,801,衛生マット,マット NXLGA　90/150ｸﾞﾘｰﾝ,NXLGA,レンタル,,,枚,,6003,クリーンテックス・ジャパン株式会社,有,無,,,,,変更可,課税,,180,180,1150,1150
有効,あり,なし,,9999,一般,600,ダスト管理,801,衛生マット,マット NXLLG　90/180ｸﾞﾘｰﾝ,NXLLG,レンタル,,,枚,,6003,クリーンテックス・ジャパン株式会社,有,無,,,,,変更可,課税,,240,240,1600,1600
有効,あり,なし,,9999,一般,600,ダスト管理,801,衛生マット,マット NXLLS　90/180ｼﾙﾊﾞｰ,NXLLS,レンタル,,,枚,,6003,クリーンテックス・ジャパン株式会社,有,無,,,,,変更可,課税,,240,240,1600,1600
有効,あり,なし,,9999,一般,600,ダスト管理,801,衛生マット,マット NXLS　90/150ｼﾙﾊﾞｰ,NXLS,レンタル,,,枚,,6003,クリーンテックス・ジャパン株式会社,有,無,,,,,変更可,課税,,180,180,1100,1100
有効,あり,なし,,9999,一般,600,ダスト管理,801,衛生マット,マット NXMG　75/90ｸﾞﾘｰﾝ,NXMG,レンタル,,,枚,,6003,クリーンテックス・ジャパン株式会社,有,無,,,,,変更可,課税,,110,110,700,700
有効,あり,なし,,9999,一般,600,ダスト管理,801,衛生マット,マット NXMR　75/90赤,NXMR,レンタル,,,枚,,6003,クリーンテックス・ジャパン株式会社,有,無,,,,,変更可,課税,,110,110,700,700
有効,あり,なし,,9999,一般,600,ダスト管理,801,衛生マット,マット NXMS　75/90ｼﾙﾊﾞｰ,NXMS,レンタル,,,枚,,6003,クリーンテックス・ジャパン株式会社,有,無,,,,,変更可,課税,,110,110,700,700
有効,あり,なし,,9999,一般,600,ダスト管理,801,衛生マット,マット NXSLG　90/120ｸﾞﾘｰﾝ,NXSLG,レンタル,,,枚,,6003,クリーンテックス・ジャパン株式会社,有,無,,,,,変更可,課税,,160,160,1100,1100
有効,あり,なし,,9999,一般,600,ダスト管理,801,衛生マット,マット NXSLS　90/120ｼﾙﾊﾞｰ,NXSLS,レンタル,,,枚,,6003,クリーンテックス・ジャパン株式会社,有,無,,,,,変更可,課税,,160,160,1100,1100
有効,あり,なし,,9999,一般,600,ダスト管理,801,衛生マット,マット NXSWG　120/180ｸﾞﾘｰﾝ,NXSWG,レンタル,,,枚,,6003,クリーンテックス・ジャパン株式会社,有,無,,,,,変更可,課税,,320,320,1600,1600
有効,あり,なし,,9999,一般,600,ダスト管理,801,衛生マット,マット NXSWS　120/180ｼﾙﾊﾞｰ,NXSWS,レンタル,,,枚,,6003,クリーンテックス・ジャパン株式会社,有,無,,,,,変更可,課税,,300,300,1600,1600
有効,あり,なし,,9999,一般,600,ダスト管理,801,衛生マット,マット NXWG　150/180ｸﾞﾘｰﾝ,NXWG,レンタル,,,枚,,6003,クリーンテックス・ジャパン株式会社,有,無,,,,,変更可,課税,,350,350,2200,2200
有効,あり,なし,,9999,一般,600,ダスト管理,801,衛生マット,マット NXWS　150/180ｼﾙﾊﾞｰ,NXWS,レンタル,,,枚,,6003,クリーンテックス・ジャパン株式会社,有,無,,,,,変更可,課税,,440,440,2200,2200
有効,あり,なし,,9999,一般,600,ダスト管理,801,衛生マット,ロールタオル(大),RKL,レンタル,,,ｾｯﾄ,,6003,クリーンテックス・ジャパン株式会社,有,無,,,,,変更可,課税,,1750,1750,2440,2440
有効,あり,なし,,9999,一般,600,ダスト管理,801,衛生マット,ｴｯｾﾝｽﾏｯﾄ　SW-B75/90ｱｶ/ｸﾛ,RSE,レンタル,,,枚,,6018,KOC株式会社,有,無,,,,,変更可,課税,,110,110,800,800
有効,あり,なし,,9999,一般,600,ダスト管理,801,衛生マット,ｴｯｾﾝｽﾏｯﾄ　SI-2　75/90ｱｶ/ｸﾛ,RSJ,レンタル,,,枚,,6018,KOC株式会社,有,無,,,,,変更可,課税,,110,110,800,800
有効,あり,なし,,9999,一般,600,ダスト管理,801,衛生マット,ロールタオル(大),RTL,レンタル,,,本,,6002,滋賀松商株式会社,有,無,,,,,変更可,課税,,250,250,480,480
有効,あり,なし,,9999,一般,600,ダスト管理,801,衛生マット,ロールタオル(ﾐﾆ）,RTM,レンタル,,,本,,6002,滋賀松商株式会社,有,無,,,,,変更可,課税,,200,200,400,400
有効,あり,なし,,9999,一般,600,ダスト管理,801,衛生マット,ロールタオル(小),RTS,レンタル,,,本,,6002,滋賀松商株式会社,有,無,,,,,変更可,課税,,200,200,400,400
有効,あり,なし,,9999,一般,600,ダスト管理,802,ダストモップ,白馬モップ(小) SCL,SCL,レンタル,,,枚,,6009,山京繊維株式会社,有,無,,,,,変更可,課税,,100,100,500,500
有効,あり,なし,,9999,一般,600,ダスト管理,801,衛生マット,マット SLE,SLE,レンタル,,,枚,,6003,クリーンテックス・ジャパン株式会社,有,無,,,,,変更可,課税,,180,180,1800,1800
有効,あり,なし,,9999,一般,600,ダスト管理,801,衛生マット,ｴｯｾﾝｽﾏｯﾄ　SW-B75/90ﾈｽﾞﾐ/ｸﾛ,SSE,レンタル,,,枚,,6018,KOC株式会社,有,無,,,,,変更可,課税,,112,112,800,800
有効,あり,なし,,9999,一般,600,ダスト管理,801,衛生マット,マット SSJ,SSJ,レンタル,,,枚,,6003,クリーンテックス・ジャパン株式会社,有,無,,,,,変更可,課税,,118,118,800,800
有効,あり,なし,,9999,一般,600,ダスト管理,801,衛生マット,マット TDAIRE　77/124,TDAIRE,レンタル,,,枚,,6003,クリーンテックス・ジャパン株式会社,有,無,,,,,変更可,課税,,150,150,1300,1300
有効,あり,なし,,9999,一般,600,ダスト管理,801,衛生マット,マット TDCL　90/150,TDCL,レンタル,,,枚,,6003,クリーンテックス・ジャパン株式会社,有,無,,,,,変更可,課税,,180,180,0,0
有効,あり,なし,,9999,一般,600,ダスト管理,801,衛生マット,マット TDEA1018　105.5/188,TDEA1018,レンタル,,,枚,,6003,クリーンテックス・ジャパン株式会社,有,無,,,,,変更可,課税,,300,300,2600,2600
有効,あり,なし,,9999,一般,600,ダスト管理,801,衛生マット,マット TDEGWB　祇園風華　110/110 黒,TDEGWB,レンタル,,,枚,,6003,クリーンテックス・ジャパン株式会社,有,無,,,,,変更可,課税,,180,180,0,0
有効,あり,なし,,9999,一般,600,ダスト管理,801,衛生マット,マット TDGY9109　祇園りょう　90/109,TDGY9109,レンタル,,,枚,,6003,クリーンテックス・ジャパン株式会社,有,無,,,,,変更可,課税,,150,150,500,500
有効,あり,なし,,9999,一般,600,ダスト管理,801,衛生マット,マット TDM93140　93/140ｼｬﾝﾍﾟｰﾝ,TDM93140,レンタル,,,枚,,6003,クリーンテックス・ジャパン株式会社,有,無,,,,,変更可,課税,,19577,19577,28800,28800
有効,あり,なし,,9999,一般,600,ダスト管理,801,衛生マット,マット TDMAB　cafe　ALBA　90/194　耳0,TDMAB,レンタル,,,枚,,6003,クリーンテックス・ジャパン株式会社,有,無,,,,,変更可,課税,,262,262,2000,2000
有効,あり,なし,,9999,一般,600,ダスト管理,801,衛生マット,マット TDMEJ　縁樹　75/90　耳0,TDMEJ,レンタル,,,枚,,6003,クリーンテックス・ジャパン株式会社,有,無,,,,,変更可,課税,,9788,9788,0,0
有効,あり,なし,,9999,一般,600,ダスト管理,801,衛生マット,マット TDMHG HAGIHARA,TDMHG,レンタル,,,枚,,6003,クリーンテックス・ジャパン株式会社,有,無,,,,,変更可,課税,,6580,6580,1100,1100
有効,あり,なし,,9999,一般,600,ダスト管理,801,衛生マット,マット TDMHS2　HOTEL　SUNLINE2　120/180　耳0,TDMHS2,レンタル,,,枚,,6003,クリーンテックス・ジャパン株式会社,有,無,,,,,変更可,課税,,300,300,2250,2250
有効,あり,なし,,9999,一般,600,ダスト管理,801,衛生マット,マット TDMMYK10　宮由紀　100/158　耳0,TDMMYK10,レンタル,,,枚,,6003,クリーンテックス・ジャパン株式会社,有,無,,,,,変更可,課税,,240,240,800,800
有効,あり,なし,,9999,一般,600,ダスト管理,801,衛生マット,マット TDMMYK80　宮由紀　80/109.5　耳0,TDMMYK80,レンタル,,,枚,,6003,クリーンテックス・ジャパン株式会社,有,無,,,,,変更可,課税,,140,140,500,500
有効,あり,なし,,9999,一般,600,ダスト管理,801,衛生マット,マット TDMPEPE　pepe　85/105　耳0,TDMPEPE,レンタル,,,枚,,6003,クリーンテックス・ジャパン株式会社,有,無,,,,,変更可,課税,,120,120,500,500
有効,あり,なし,,9999,一般,600,ダスト管理,801,衛生マット,マット TDMSHE 75/90 ｼｪﾙｸﾗﾌﾞ,TDMSHE,レンタル,,,枚,,6003,クリーンテックス・ジャパン株式会社,有,無,,,,,変更可,課税,,110,110,600,600
有効,あり,なし,,9999,一般,600,ダスト管理,801,衛生マット,マット TDMVS 90/200 VEGASLOT,TDMVS,レンタル,,,枚,,6003,クリーンテックス・ジャパン株式会社,有,無,,,,,変更可,課税,,270,270,600,600
有効,あり,なし,,9999,一般,600,ダスト管理,801,衛生マット,マット TDSRLS 鉄道ﾘﾈﾝｻﾌﾟﾗｲ,TDSRLS,レンタル,,,枚,,6003,クリーンテックス・ジャパン株式会社,有,無,,,,,変更可,課税,,240,240,3100,3100
有効,あり,なし,,9999,一般,600,ダスト管理,801,衛生マット,特AR,TKR1,レンタル,,,枚,,6003,クリーンテックス・ジャパン株式会社,有,無,,,,,変更可,課税,,410,410,1050,1050
有効,あり,なし,,9999,一般,600,ダスト管理,801,衛生マット,TSBD抗菌トイレマット D型  60/60ｼﾙﾊﾞｰ/ﾌﾞﾗｯｸ,TSBD,レンタル,,,枚,,6003,クリーンテックス・ジャパン株式会社,有,無,,,,,変更可,課税,,60,60,600,600
有効,あり,なし,,9999,一般,600,ダスト管理,801,衛生マット,TSBU抗菌トイレマット U型  60/60ｼﾙﾊﾞ-/ﾌﾞﾗｯｸ,TSBU,レンタル,,,枚,,6003,クリーンテックス・ジャパン株式会社,有,無,,,,,変更可,課税,,600,600,600,600
有効,あり,なし,,9999,一般,600,ダスト管理,801,衛生マット,UBMW アーバンマット W75/90 抗菌ﾗﾊﾞｰ,UBMW,レンタル,,,枚,,6003,クリーンテックス・ジャパン株式会社,有,無,,,,,変更可,課税,,110,110,1000,1000
有効,あり,なし,,9999,一般,600,ダスト管理,1050,ウエス布,ウエス,W,レンタル,,,枚,,6008,サン工業用品株式会社,有,無,,,,,変更可,課税,,8,8,25,25
有効,あり,なし,,9999,一般,600,ダスト管理,801,衛生マット,マット CX1011W 105/114,X1011W,レンタル,,,枚,,6003,クリーンテックス・ジャパン株式会社,有,無,,,,,変更可,課税,,150,150,1100,1100
有効,あり,なし,,9999,一般,600,ダスト管理,801,衛生マット,マット CX1218G 120/180,X1218G,レンタル,,,枚,,6003,クリーンテックス・ジャパン株式会社,有,無,,,,,変更可,課税,,300,300,1800,1800
有効,あり,なし,,9999,一般,600,ダスト管理,801,衛生マット,マット CX1525W 150/253.5,X1525W,レンタル,,,枚,,6003,クリーンテックス・ジャパン株式会社,有,無,,,,,変更可,課税,,530,530,2700,2700
有効,あり,なし,,9999,一般,600,ダスト管理,801,衛生マット,マット Y7092 いらっしゃいませ YOU,Y7092,レンタル,,,枚,,6003,クリーンテックス・ジャパン株式会社,有,無,,,,,変更可,課税,,112,112,800,800
有効,あり,なし,,9999,一般,600,ダスト管理,801,衛生マット,マットグリップ,ﾏｯﾄｸﾞﾘｯﾌﾟ,レンタル,,,巻,,6003,クリーンテックス・ジャパン株式会社,有,無,,,,,変更可,課税,,2000,2000,2000,2600
有効,あり,なし,,9999,一般,600,ダスト管理,802,ダストモップ,ＣＬＬ用ハンドル,ﾊﾝﾄﾞﾙ,レンタル,,,本,,6009,山京繊維株式会社,有,無,,,,,変更可,課税,,1520,1520,1520,0
有効,あり,なし,,9999,一般,600,ダスト管理,802,ダストモップ,ＣＬＭ用ハンドル,ﾊﾝﾄﾞﾙ,レンタル,,,本,,6009,山京繊維株式会社,有,無,,,,,変更可,課税,,1230,1230,1230,0
有効,あり,なし,,9999,一般,600,ダスト管理,802,ダストモップ,ＣＬ用ハンドル,ﾊﾝﾄﾞﾙ,レンタル,,,本,,6009,山京繊維株式会社,有,無,,,,,変更可,課税,,1330,1330,1330,0
有効,あり,なし,,9999,一般,600,ダスト管理,802,ダストモップ,ＭＨＣ用ハンドル,ﾊﾝﾄﾞﾙ,レンタル,,,本,,6009,山京繊維株式会社,有,無,,,,,変更可,課税,,990,990,990,0
有効,なし,なし,,9999,一般,600,ダスト管理,,,運賃,ｳﾝﾁﾝ,道具・他,,,式,,,,有,無,,,,,変更可,課税,,0,0,0,0
有効,なし,なし,,9999,一般,600,ダスト管理,,,ラベル代,ﾗﾍﾞﾙ,道具・他,,,枚,,,,有,無,,,,,変更可,課税,,0,0,0,0
有効,なし,なし,,9999,一般,600,ダスト管理,,,ラベル代,ﾗﾍﾞﾙ,道具・他,,,枚,,,,有,無,,,,,変更可,課税,,0,0,0,0
